id,acct,url,created_at,followers_count,following_count,statuses_count,last_status_at,instance
108286624813793740,cqz,https://hci.social/@cqz,2022-05-12T00:00:00.000Z,48,20,24,2023-11-03,https://hci.social/
108286142941695868,Gillian,https://hci.social/@Gillian,2022-05-12T00:00:00.000Z,368,271,36,2022-12-23,https://hci.social/
108286014897638184,AndreaHCI,https://hci.social/@AndreaHCI,2022-05-11T00:00:00.000Z,13,9,1,2022-12-26,https://hci.social/
108285815791532398,izd,https://hci.social/@izd,2022-05-11T00:00:00.000Z,39,22,37,2023-10-12,https://hci.social/
108285424167487793,shirinfeiz,https://hci.social/@shirinfeiz,2022-05-11T00:00:00.000Z,12,20,0,,https://hci.social/
108285175735137681,Helena,https://hci.social/@Helena,2022-05-11T00:00:00.000Z,95,89,11,2023-02-27,https://hci.social/
108284677476769450,mlam,https://hci.social/@mlam,2022-05-11T00:00:00.000Z,100,77,7,2023-04-12,https://hci.social/
108284650613162617,sukrit,https://hci.social/@sukrit,2022-05-11T00:00:00.000Z,291,255,270,2023-11-16,https://hci.social/
108284640329969016,parastoo,https://hci.social/@parastoo,2022-05-11T00:00:00.000Z,85,28,7,2023-09-09,https://hci.social/
108284496969846045,masmart,https://hci.social/@masmart,2022-05-11T00:00:00.000Z,118,218,26,2023-08-09,https://hci.social/
108284491496238772,adam,https://hci.social/@adam,2022-05-11T00:00:00.000Z,249,56,166,2023-03-26,https://hci.social/
108284472777287286,mitchell,https://hci.social/@mitchell,2022-05-11T00:00:00.000Z,78,41,2,2022-05-14,https://hci.social/
108284451199412068,jumana,https://hci.social/@jumana,2022-05-11T00:00:00.000Z,21,14,2,2022-11-10,https://hci.social/
108284448676877930,jmankoff,https://hci.social/@jmankoff,2022-05-11T00:00:00.000Z,177,108,15,2023-10-28,https://hci.social/
108284310168001085,beleicia,https://hci.social/@beleicia,2022-05-11T00:00:00.000Z,17,8,0,,https://hci.social/
108284264938521441,schoenebeck,https://hci.social/@schoenebeck,2022-05-11T00:00:00.000Z,728,22,13,2023-10-25,https://hci.social/
108284252022830475,chinmay,https://hci.social/@chinmay,2022-05-11T00:00:00.000Z,213,15,23,2023-06-07,https://hci.social/
108284088264614478,nickmvincent,https://hci.social/@nickmvincent,2022-05-11T00:00:00.000Z,100,54,46,2023-11-14,https://hci.social/
108284030727169733,gavin,https://hci.social/@gavin,2022-05-11T00:00:00.000Z,41,62,5,2023-07-25,https://hci.social/
108283688521349473,vikrammohanty,https://hci.social/@vikrammohanty,2022-05-11T00:00:00.000Z,28,51,1,2023-04-04,https://hci.social/
108283159503154369,bhecht,https://hci.social/@bhecht,2022-05-11T00:00:00.000Z,88,46,4,2023-02-11,https://hci.social/
108282799222285178,princeton,https://hci.social/@princeton,2022-05-11T00:00:00.000Z,332,18,30,2023-10-18,https://hci.social/
108282396254515498,iachounta,https://hci.social/@iachounta,2022-05-11T00:00:00.000Z,31,32,4,2022-11-04,https://hci.social/
108282263983363823,alarith,https://hci.social/@alarith,2022-05-11T00:00:00.000Z,208,252,180,2023-11-09,https://hci.social/
108282121554083968,chris,https://hci.social/@chris,2022-05-11T00:00:00.000Z,12,10,0,,https://hci.social/
108281690618697871,imjane,https://hci.social/@imjane,2022-05-11T00:00:00.000Z,103,109,43,2023-05-03,https://hci.social/
108281570708175251,juchidiuno,https://hci.social/@juchidiuno,2022-05-11T00:00:00.000Z,158,30,65,2023-07-23,https://hci.social/
108281524084893115,jaeyeon,https://hci.social/@jaeyeon,2022-05-11T00:00:00.000Z,50,89,0,2023-03-01,https://hci.social/
108281272957502394,joseph,https://hci.social/@joseph,2022-05-11T00:00:00.000Z,48,34,12,2023-05-11,https://hci.social/
108281249828953438,diptodas,https://hci.social/@diptodas,2022-05-11T00:00:00.000Z,22,46,4,2023-08-29,https://hci.social/
108280940426884986,evanmpeck,https://hci.social/@evanmpeck,2022-05-11T00:00:00.000Z,750,291,207,2023-10-30,https://hci.social/
108280883772198166,calua,https://hci.social/@calua,2022-05-11T00:00:00.000Z,32,94,35,2023-11-15,https://hci.social/
108280823921086184,taeahnkwon,https://hci.social/@taeahnkwon,2022-05-11T00:00:00.000Z,7,36,0,,https://hci.social/
108280798767686659,kgarg,https://hci.social/@kgarg,2022-05-11T00:00:00.000Z,20,30,2,2023-04-25,https://hci.social/
108280673743424065,barik,https://hci.social/@barik,2022-05-11T00:00:00.000Z,1038,900,731,2023-11-16,https://hci.social/
108280666307635742,oliverw,https://hci.social/@oliverw,2022-05-11T00:00:00.000Z,23,26,152,2023-11-13,https://hci.social/
108280636951605587,Heycori,https://hci.social/@Heycori,2022-05-11T00:00:00.000Z,624,321,383,2023-11-16,https://hci.social/
108280589457569746,cabreraalex,https://hci.social/@cabreraalex,2022-05-11T00:00:00.000Z,126,119,25,2022-12-21,https://hci.social/
108280584635141598,nigini,https://hci.social/@nigini,2022-05-11T00:00:00.000Z,139,26,156,2023-11-09,https://hci.social/
108280578348007719,juhokim,https://hci.social/@juhokim,2022-05-11T00:00:00.000Z,146,96,6,2023-09-12,https://hci.social/
108280556926327188,bkeegan,https://hci.social/@bkeegan,2022-05-11T00:00:00.000Z,2894,1688,5053,2023-11-18,https://hci.social/
108280517522446278,jbigham,https://hci.social/@jbigham,2022-05-11T00:00:00.000Z,2894,1160,3845,2023-11-18,https://hci.social/
108256493310722699,zwlevonian,https://hci.social/@zwlevonian,2022-05-06T00:00:00.000Z,146,232,72,2023-11-07,https://hci.social/
108251943778162956,davidtlee,https://hci.social/@davidtlee,2022-05-05T00:00:00.000Z,45,47,1,2022-05-05,https://hci.social/
108241761241801856,lindsay,https://hci.social/@lindsay,2022-05-04T00:00:00.000Z,99,78,11,2023-11-09,https://hci.social/
108238706787360220,emikzam,https://hci.social/@emikzam,2022-05-03T00:00:00.000Z,27,25,22,2023-07-29,https://hci.social/
108238329972013885,evgeny,https://hci.social/@evgeny,2022-05-03T00:00:00.000Z,104,225,27,2023-10-30,https://hci.social/
108238146047010500,skairam,https://hci.social/@skairam,2022-05-03T00:00:00.000Z,459,270,71,2023-04-23,https://hci.social/
108236268879552821,floe,https://hci.social/@floe,2022-05-03T00:00:00.000Z,830,621,4437,2023-11-18,https://hci.social/
108236223653826827,axz,https://hci.social/@axz,2022-05-03T00:00:00.000Z,2418,1177,799,2023-10-25,https://hci.social/
108236151346190358,karger,https://hci.social/@karger,2022-05-03T00:00:00.000Z,568,106,196,2023-11-12,https://hci.social/
108236105999236686,msbernst,https://hci.social/@msbernst,2022-05-03T00:00:00.000Z,857,230,79,2023-10-23,https://hci.social/
108233111945670878,andresmh,https://hci.social/@andresmh,2022-05-02T00:00:00.000Z,2581,862,6235,2023-11-18,https://hci.social/
109239187646874084,quentin,https://hci.social/@quentin,2022-10-27T00:00:00.000Z,34,54,25,2023-04-01,https://hci.social/
109239123920327087,heenrik,https://hci.social/@heenrik,2022-10-27T00:00:00.000Z,140,158,115,2023-10-27,https://hci.social/
109238149825705828,cscw,https://hci.social/@cscw,2022-10-27T00:00:00.000Z,866,7,108,2023-10-19,https://hci.social/
109237889751231917,mui,https://hci.social/@mui,2022-10-27T00:00:00.000Z,1,7,3,2022-12-19,https://hci.social/
109237690835839360,tskuo,https://hci.social/@tskuo,2022-10-27T00:00:00.000Z,51,60,9,2023-04-18,https://hci.social/
109237602689880132,andrewberry,https://hci.social/@andrewberry,2022-10-27T00:00:00.000Z,97,146,17,2023-04-12,https://hci.social/
109236568895395328,ritesh,https://hci.social/@ritesh,2022-10-26T00:00:00.000Z,16,97,7,2023-10-05,https://hci.social/
109235160789702125,benhardin,https://hci.social/@benhardin,2022-10-26T00:00:00.000Z,1,2,0,,https://hci.social/
108705317984600912,pvnkscholar,https://hci.social/@pvnkscholar,2022-07-25T00:00:00.000Z,13,21,31,2023-10-31,https://hci.social/
108671560839858743,rhoyle,https://hci.social/@rhoyle,2022-07-19T00:00:00.000Z,20,31,3,2023-08-16,https://hci.social/
108636326341438945,jsmith,https://hci.social/@jsmith,2022-07-12T00:00:00.000Z,4,18,0,,https://hci.social/
108609390260130507,johnnyvenom,https://hci.social/@johnnyvenom,2022-07-08T00:00:00.000Z,133,270,54,2023-07-14,https://hci.social/
108576125160353453,dj,https://hci.social/@dj,2022-07-02T00:00:00.000Z,121,121,16,2023-04-04,https://hci.social/
108533578543847055,Ahana,https://hci.social/@Ahana,2022-06-24T00:00:00.000Z,1,22,0,,https://hci.social/
108472085253269940,sean,https://hci.social/@sean,2022-06-13T00:00:00.000Z,233,29,6,2023-09-19,https://hci.social/
108449722370868684,harmank,https://hci.social/@harmank,2022-06-09T00:00:00.000Z,52,42,0,,https://hci.social/
108449015026872194,ryanclouie,https://hci.social/@ryanclouie,2022-06-09T00:00:00.000Z,27,37,6,2023-03-22,https://hci.social/
108440085737885433,cfrauenberger,https://hci.social/@cfrauenberger,2022-06-08T00:00:00.000Z,187,99,52,2023-11-15,https://hci.social/
108402599296023092,MSheshera,https://hci.social/@MSheshera,2022-06-01T00:00:00.000Z,4,17,0,,https://hci.social/
108382049560129320,daekun,https://hci.social/@daekun,2022-05-28T00:00:00.000Z,3,6,1,2022-05-29,https://hci.social/
108381185205431914,kate,https://hci.social/@kate,2022-05-28T00:00:00.000Z,6,19,7,2023-08-29,https://hci.social/
108371204668994690,jeremyb,https://hci.social/@jeremyb,2022-05-27T00:00:00.000Z,20,31,0,,https://hci.social/
108359672658516985,mluczak,https://hci.social/@mluczak,2022-05-25T00:00:00.000Z,382,581,268,2023-10-02,https://hci.social/
108357952719219784,smithnlp,https://hci.social/@smithnlp,2022-05-24T00:00:00.000Z,6,39,24,2023-10-20,https://hci.social/
108357904034860606,katjesjes,https://hci.social/@katjesjes,2022-05-24T00:00:00.000Z,93,189,3,2023-09-26,https://hci.social/
108338598401282770,kfloccont21,https://hci.social/@kfloccont21,2022-05-21T00:00:00.000Z,0,1,0,,https://hci.social/
108332265809840423,rajan_vaish,https://hci.social/@rajan_vaish,2022-05-20T00:00:00.000Z,56,34,9,2023-06-15,https://hci.social/
108331017431124157,sarahmorrisonsmith,https://hci.social/@sarahmorrisonsmith,2022-05-19T00:00:00.000Z,20,17,10,2023-06-20,https://hci.social/
108330444995552013,carl,https://hci.social/@carl,2022-05-19T00:00:00.000Z,721,157,226,2023-11-16,https://hci.social/
108329702213205943,longjieguo,https://hci.social/@longjieguo,2022-05-19T00:00:00.000Z,11,47,0,2023-04-25,https://hci.social/
108321171925012578,galenweld,https://hci.social/@galenweld,2022-05-18T00:00:00.000Z,25,8,1,2022-05-18,https://hci.social/
108319681357082422,schaferj,https://hci.social/@schaferj,2022-05-17T00:00:00.000Z,723,978,182,2023-11-06,https://hci.social/
108314106935755255,gnelson,https://hci.social/@gnelson,2022-05-16T00:00:00.000Z,13,19,0,,https://hci.social/
108308315011514326,lilyxu,https://hci.social/@lilyxu,2022-05-15T00:00:00.000Z,114,187,2,2023-02-07,https://hci.social/
108306573405659138,vegabs,https://hci.social/@vegabs,2022-05-15T00:00:00.000Z,1,0,0,,https://hci.social/
108303739138140052,ayman,https://hci.social/@ayman,2022-05-15T00:00:00.000Z,55,23,11,2023-04-04,https://hci.social/
108301130108495010,aurelien,https://hci.social/@aurelien,2022-05-14T00:00:00.000Z,197,316,427,2023-11-17,https://hci.social/
108297840722763221,jofish,https://hci.social/@jofish,2022-05-14T00:00:00.000Z,216,117,38,2023-07-26,https://hci.social/
108296544202399896,rhema,https://hci.social/@rhema,2022-05-13T00:00:00.000Z,39,58,61,2023-11-10,https://hci.social/
108296512779306308,bansalg,https://hci.social/@bansalg,2022-05-13T00:00:00.000Z,49,8,1,2023-01-04,https://hci.social/
108296399032560383,nedcpr,https://hci.social/@nedcpr,2022-05-13T00:00:00.000Z,164,715,12,2023-06-02,https://hci.social/
108295900253586397,bretthalperin,https://hci.social/@bretthalperin,2022-05-13T00:00:00.000Z,114,94,8,2023-09-18,https://hci.social/
108295866187110673,Dilruba,https://hci.social/@Dilruba,2022-05-13T00:00:00.000Z,30,91,113,2023-04-19,https://hci.social/
108295596024801996,wagnerto,https://hci.social/@wagnerto,2022-05-13T00:00:00.000Z,20,41,2,2023-05-03,https://hci.social/
108295553415468896,gushoggblake,https://hci.social/@gushoggblake,2022-05-13T00:00:00.000Z,3,0,0,,https://hci.social/
108295519053079548,Pao,https://hci.social/@Pao,2022-05-13T00:00:00.000Z,20,27,0,,https://hci.social/
108295306378455187,stopyunn,https://hci.social/@stopyunn,2022-05-13T00:00:00.000Z,6,2,0,,https://hci.social/
108295302377295962,yuwen,https://hci.social/@yuwen,2022-05-13T00:00:00.000Z,69,70,29,2023-08-28,https://hci.social/
108295155506763457,ganeshkumartk,https://hci.social/@ganeshkumartk,2022-05-13T00:00:00.000Z,70,220,18,2023-05-01,https://hci.social/
108294799264594421,jasonwiese,https://hci.social/@jasonwiese,2022-05-13T00:00:00.000Z,15,20,0,,https://hci.social/
108294232371689285,profdancy,https://hci.social/@profdancy,2022-05-13T00:00:00.000Z,68,23,7,2022-12-10,https://hci.social/
108294169421594675,juliane,https://hci.social/@juliane,2022-05-13T00:00:00.000Z,659,466,128,2023-11-16,https://hci.social/
108293520870101150,hen_drik,https://hci.social/@hen_drik,2022-05-13T00:00:00.000Z,357,273,84,2023-09-26,https://hci.social/
108293497601172908,loechti,https://hci.social/@loechti,2022-05-13T00:00:00.000Z,72,145,47,2023-11-12,https://hci.social/
108293269423574917,lianghe,https://hci.social/@lianghe,2022-05-13T00:00:00.000Z,0,0,0,,https://hci.social/
108292834480782365,karkar,https://hci.social/@karkar,2022-05-13T00:00:00.000Z,30,55,6,2022-11-08,https://hci.social/
108292694785471021,FranciscoCastro,https://hci.social/@FranciscoCastro,2022-05-13T00:00:00.000Z,4,8,0,,https://hci.social/
108292554581789644,SrishtiPalani,https://hci.social/@SrishtiPalani,2022-05-13T00:00:00.000Z,24,29,4,2022-11-04,https://hci.social/
108292263490689355,jdcshaverford,https://hci.social/@jdcshaverford,2022-05-13T00:00:00.000Z,39,36,2,2022-12-19,https://hci.social/
108291978222356024,coxavalgus,https://hci.social/@coxavalgus,2022-05-13T00:00:00.000Z,79,105,248,2023-07-05,https://hci.social/
108291697219825011,majeed,https://hci.social/@majeed,2022-05-13T00:00:00.000Z,12,12,0,,https://hci.social/
108291661027339480,sauvik,https://hci.social/@sauvik,2022-05-12T00:00:00.000Z,177,17,56,2023-09-19,https://hci.social/
108291408370822972,adamperer,https://hci.social/@adamperer,2022-05-12T00:00:00.000Z,79,68,12,2023-10-23,https://hci.social/
108291401606795442,aditya,https://hci.social/@aditya,2022-05-12T00:00:00.000Z,2,0,0,,https://hci.social/
108291356433570016,gxwalsh,https://hci.social/@gxwalsh,2022-05-12T00:00:00.000Z,128,95,244,2023-10-11,https://hci.social/
108291308208695689,5tuartreeves,https://hci.social/@5tuartreeves,2022-05-12T00:00:00.000Z,191,218,243,2023-11-18,https://hci.social/
108291284133279142,ThomasLaToza,https://hci.social/@ThomasLaToza,2022-05-12T00:00:00.000Z,121,201,2,2022-12-23,https://hci.social/
108291266434375888,courtneyelta,https://hci.social/@courtneyelta,2022-05-12T00:00:00.000Z,17,12,2,2022-05-12,https://hci.social/
108291048943331040,klboyd,https://hci.social/@klboyd,2022-05-12T00:00:00.000Z,36,41,5,2023-01-10,https://hci.social/
108290799144563844,jovermeulen,https://hci.social/@jovermeulen,2022-05-12T00:00:00.000Z,310,451,240,2023-11-01,https://hci.social/
108290779914819414,andrewkuznet,https://hci.social/@andrewkuznet,2022-05-12T00:00:00.000Z,317,284,39,2023-10-10,https://hci.social/
108290757951106496,eglassman,https://hci.social/@eglassman,2022-05-12T00:00:00.000Z,1270,1701,379,2023-11-15,https://hci.social/
108290140835573009,katie,https://hci.social/@katie,2022-05-12T00:00:00.000Z,53,3,0,,https://hci.social/
108288336503790489,michael_muller,https://hci.social/@michael_muller,2022-05-12T00:00:00.000Z,43,6,0,,https://hci.social/
108287679387634712,Lauren,https://hci.social/@Lauren,2022-05-12T00:00:00.000Z,218,179,10,2023-02-24,https://hci.social/
108287574799280383,Helma,https://hci.social/@Helma,2022-05-12T00:00:00.000Z,6,10,0,,https://hci.social/
108287411394004357,juliekientz,https://hci.social/@juliekientz,2022-05-12T00:00:00.000Z,191,61,3,2022-11-22,https://hci.social/
108286715492333786,LeonaH,https://hci.social/@LeonaH,2022-05-12T00:00:00.000Z,2,0,0,,https://hci.social/
108286682469332694,johann,https://hci.social/@johann,2022-05-12T00:00:00.000Z,50,104,6,2023-03-01,https://hci.social/
108286634744809226,devsaxena,https://hci.social/@devsaxena,2022-05-12T00:00:00.000Z,31,39,1,2022-11-14,https://hci.social/
109263451410872286,JakeToth,https://hci.social/@JakeToth,2022-10-31T00:00:00.000Z,4,0,0,,https://hci.social/
109262831977094377,shauna,https://hci.social/@shauna,2022-10-31T00:00:00.000Z,146,189,7,2023-02-22,https://hci.social/
109262741306574322,CorinnaHertweck,https://hci.social/@CorinnaHertweck,2022-10-31T00:00:00.000Z,99,103,11,2023-07-17,https://hci.social/
109262467424057941,graydesign,https://hci.social/@graydesign,2022-10-31T00:00:00.000Z,116,200,4,2023-03-16,https://hci.social/
109260512562937710,reviewer2,https://hci.social/@reviewer2,2022-10-31T00:00:00.000Z,192,190,1028,2023-11-17,https://hci.social/
109260042487877049,hankhplee,https://hci.social/@hankhplee,2022-10-31T00:00:00.000Z,22,28,0,,https://hci.social/
109259793236550614,udayantandon,https://hci.social/@udayantandon,2022-10-30T00:00:00.000Z,7,12,0,,https://hci.social/
109259778936150462,carro,https://hci.social/@carro,2022-10-30T00:00:00.000Z,4,23,1,2023-05-04,https://hci.social/
109259615936146108,anankur,https://hci.social/@anankur,2022-10-30T00:00:00.000Z,78,265,0,,https://hci.social/
109259268000145507,kylethayer,https://hci.social/@kylethayer,2022-10-30T00:00:00.000Z,250,785,2601,2023-11-18,https://hci.social/
109258420250838739,michael,https://hci.social/@michael,2022-10-30T00:00:00.000Z,328,254,96,2023-02-18,https://hci.social/
109258347282856388,dougzytko,https://hci.social/@dougzytko,2022-10-30T00:00:00.000Z,41,32,23,2023-09-11,https://hci.social/
109258301837206428,elise,https://hci.social/@elise,2022-10-30T00:00:00.000Z,1,3,0,,https://hci.social/
109257924018729281,katiewinkle,https://hci.social/@katiewinkle,2022-10-30T00:00:00.000Z,63,61,9,2022-11-14,https://hci.social/
109257709466259929,toondoctor,https://hci.social/@toondoctor,2022-10-30T00:00:00.000Z,81,149,104,2023-07-03,https://hci.social/
109257621270378650,muratkrty,https://hci.social/@muratkrty,2022-10-30T00:00:00.000Z,7,28,9,2022-12-25,https://hci.social/
109256309114201859,BecJ,https://hci.social/@BecJ,2022-10-30T00:00:00.000Z,267,117,131,2023-06-02,https://hci.social/
109256186305410016,severin,https://hci.social/@severin,2022-10-30T00:00:00.000Z,84,52,67,2023-11-14,https://hci.social/
109256182667574591,joshuagl,https://hci.social/@joshuagl,2022-10-30T00:00:00.000Z,102,395,442,2023-10-31,https://hci.social/
109256137973034175,cgruenloh,https://hci.social/@cgruenloh,2022-10-30T00:00:00.000Z,415,376,750,2023-11-17,https://hci.social/
109255807669357542,sarahgillet,https://hci.social/@sarahgillet,2022-10-30T00:00:00.000Z,20,20,2,2022-10-30,https://hci.social/
109253964349901029,jzong,https://hci.social/@jzong,2022-10-29T00:00:00.000Z,445,520,71,2023-11-07,https://hci.social/
109253931038230175,dtosca,https://hci.social/@dtosca,2022-10-29T00:00:00.000Z,62,101,75,2023-10-27,https://hci.social/
109253290398268251,carologic,https://hci.social/@carologic,2022-10-29T00:00:00.000Z,342,213,45,2023-02-18,https://hci.social/
109253204895796949,joeyvanderbie,https://hci.social/@joeyvanderbie,2022-10-29T00:00:00.000Z,93,114,23,2023-02-13,https://hci.social/
109252454803243622,roguechi,https://hci.social/@roguechi,2022-10-29T00:00:00.000Z,397,10,73,2023-11-14,https://hci.social/
109252336625412468,yog,https://hci.social/@yog,2022-10-29T00:00:00.000Z,3,24,5,2022-10-29,https://hci.social/
109252321582544851,ryanstraight,https://hci.social/@ryanstraight,2022-10-29T00:00:00.000Z,757,330,1607,2023-08-14,https://hci.social/
109252189679826823,brennan,https://hci.social/@brennan,2022-10-29T00:00:00.000Z,54,109,30,2023-08-04,https://hci.social/
109251984214907175,Sepehr,https://hci.social/@Sepehr,2022-10-29T00:00:00.000Z,5,16,0,,https://hci.social/
109251643418653166,danielromero,https://hci.social/@danielromero,2022-10-29T00:00:00.000Z,94,94,13,2022-11-22,https://hci.social/
109251007471853832,Stepharevalo,https://hci.social/@Stepharevalo,2022-10-29T00:00:00.000Z,31,70,2,2023-07-24,https://hci.social/
109250532605333138,katta,https://hci.social/@katta,2022-10-29T00:00:00.000Z,547,140,52,2023-04-21,https://hci.social/
109249587069859571,difrad,https://hci.social/@difrad,2022-10-29T00:00:00.000Z,92,484,290,2023-11-18,https://hci.social/
109249518119144366,sachitanishal,https://hci.social/@sachitanishal,2022-10-29T00:00:00.000Z,171,492,54,2023-11-15,https://hci.social/
109249481015869430,shamikalashawn,https://hci.social/@shamikalashawn,2022-10-29T00:00:00.000Z,145,122,59,2023-09-26,https://hci.social/
109249084229255792,michaelann,https://hci.social/@michaelann,2022-10-29T00:00:00.000Z,131,170,1,2022-11-11,https://hci.social/
109249041104936542,lewischuang,https://hci.social/@lewischuang,2022-10-29T00:00:00.000Z,251,189,52,2023-04-07,https://hci.social/
109249027905682266,jritchie,https://hci.social/@jritchie,2022-10-29T00:00:00.000Z,34,39,7,2023-02-11,https://hci.social/
109248958597202576,chadedwards,https://hci.social/@chadedwards,2022-10-29T00:00:00.000Z,84,94,31,2023-07-21,https://hci.social/
109248900673468722,trista,https://hci.social/@trista,2022-10-29T00:00:00.000Z,38,57,9,2022-12-01,https://hci.social/
109248852764336974,zschultz,https://hci.social/@zschultz,2022-10-29T00:00:00.000Z,20,34,18,2023-10-19,https://hci.social/
109248525508716712,cfiesler,https://hci.social/@cfiesler,2022-10-28T00:00:00.000Z,11639,408,1767,2023-11-17,https://hci.social/
109248362446496131,Chinmaya,https://hci.social/@Chinmaya,2022-10-28T00:00:00.000Z,32,34,13,2023-10-23,https://hci.social/
109247915919361943,lriek,https://hci.social/@lriek,2022-10-28T00:00:00.000Z,24,34,9,2023-03-15,https://hci.social/
109247675303755786,williamstome,https://hci.social/@williamstome,2022-10-28T00:00:00.000Z,205,232,128,2023-11-03,https://hci.social/
109247666701986820,dennisfeehan,https://hci.social/@dennisfeehan,2022-10-28T00:00:00.000Z,82,75,4,2023-08-22,https://hci.social/
109247637077474082,hermansaksono,https://hci.social/@hermansaksono,2022-10-28T00:00:00.000Z,310,238,185,2023-10-04,https://hci.social/
109247443931801618,dggoldst,https://hci.social/@dggoldst,2022-10-28T00:00:00.000Z,1033,291,153,2023-04-27,https://hci.social/
109247308578463023,jchanen1,https://hci.social/@jchanen1,2022-10-28T00:00:00.000Z,78,42,43,2023-10-20,https://hci.social/
109247256239250686,nima,https://hci.social/@nima,2022-10-28T00:00:00.000Z,118,127,78,2023-07-14,https://hci.social/
109247244306559927,sara,https://hci.social/@sara,2022-10-28T00:00:00.000Z,440,405,99,2023-10-17,https://hci.social/
109247203894372980,eharp,https://hci.social/@eharp,2022-10-28T00:00:00.000Z,18,29,2,2023-02-21,https://hci.social/
109247154627060045,deanna,https://hci.social/@deanna,2022-10-28T00:00:00.000Z,12,24,4,2023-01-17,https://hci.social/
109247075283828807,mai,https://hci.social/@mai,2022-10-28T00:00:00.000Z,107,53,15,2023-02-15,https://hci.social/
109246925270944146,Niloufar,https://hci.social/@Niloufar,2022-10-28T00:00:00.000Z,997,367,535,2023-11-03,https://hci.social/
109246920387216141,div_online,https://hci.social/@div_online,2022-10-28T00:00:00.000Z,42,64,9,2023-01-02,https://hci.social/
109246904496761512,Adal,https://hci.social/@Adal,2022-10-28T00:00:00.000Z,96,45,6,2022-11-23,https://hci.social/
109246853451050531,morganklauss,https://hci.social/@morganklauss,2022-10-28T00:00:00.000Z,63,26,1,2022-11-18,https://hci.social/
109246572792779892,eredmil1,https://hci.social/@eredmil1,2022-10-28T00:00:00.000Z,63,12,2,2022-12-19,https://hci.social/
109246550920224487,depstein,https://hci.social/@depstein,2022-10-28T00:00:00.000Z,145,102,20,2023-10-16,https://hci.social/
109246485146891623,estellesmith,https://hci.social/@estellesmith,2022-10-28T00:00:00.000Z,360,241,195,2023-11-16,https://hci.social/
109246443246176928,VornhagenJB,https://hci.social/@VornhagenJB,2022-10-28T00:00:00.000Z,143,125,469,2023-11-15,https://hci.social/
109246216486657371,evijitghosh,https://hci.social/@evijitghosh,2022-10-28T00:00:00.000Z,455,166,247,2023-10-23,https://hci.social/
109246065615653921,heades,https://hci.social/@heades,2022-10-28T00:00:00.000Z,208,268,331,2023-09-28,https://hci.social/
109246014633255168,jeanette_falk,https://hci.social/@jeanette_falk,2022-10-28T00:00:00.000Z,89,116,15,2023-05-09,https://hci.social/
109244787650466034,reginarcheng,https://hci.social/@reginarcheng,2022-10-28T00:00:00.000Z,20,27,2,2022-12-13,https://hci.social/
109244765885093703,alpenq,https://hci.social/@alpenq,2022-10-28T00:00:00.000Z,6,16,0,,https://hci.social/
109244322983410165,carolinerpitt,https://hci.social/@carolinerpitt,2022-10-28T00:00:00.000Z,575,675,649,2023-11-15,https://hci.social/
109243843224705792,greg,https://hci.social/@greg,2022-10-28T00:00:00.000Z,12,26,1,2022-12-22,https://hci.social/
109243798047237450,julie,https://hci.social/@julie,2022-10-28T00:00:00.000Z,54,64,4,2023-04-07,https://hci.social/
109243762634151003,eunkang,https://hci.social/@eunkang,2022-10-28T00:00:00.000Z,1,5,0,,https://hci.social/
109243678325068017,lakmal,https://hci.social/@lakmal,2022-10-28T00:00:00.000Z,1,7,0,,https://hci.social/
109243495845502280,davidthewid,https://hci.social/@davidthewid,2022-10-28T00:00:00.000Z,714,289,555,2023-11-16,https://hci.social/
109243328506426285,richmondywong,https://hci.social/@richmondywong,2022-10-28T00:00:00.000Z,396,211,160,2023-10-31,https://hci.social/
109243235764936366,disabledphd,https://hci.social/@disabledphd,2022-10-28T00:00:00.000Z,46,4,2,2022-10-28,https://hci.social/
109240572012099603,eppfel,https://hci.social/@eppfel,2022-10-27T00:00:00.000Z,104,125,69,2023-11-12,https://hci.social/
109240517495272423,nicktaylor,https://hci.social/@nicktaylor,2022-10-27T00:00:00.000Z,40,41,0,,https://hci.social/
109240401653967860,boden,https://hci.social/@boden,2022-10-27T00:00:00.000Z,243,548,88,2023-11-15,https://hci.social/
109240217896516751,jozagermann,https://hci.social/@jozagermann,2022-10-27T00:00:00.000Z,37,53,10,2023-10-21,https://hci.social/
109287824592443277,ak,https://hci.social/@ak,2022-11-04T00:00:00.000Z,129,150,95,2023-02-10,https://hci.social/
109287821426779826,sigchi,https://hci.social/@sigchi,2022-11-04T00:00:00.000Z,1010,187,37,2023-02-19,https://hci.social/
109287643851727006,dnoh,https://hci.social/@dnoh,2022-11-04T00:00:00.000Z,14,23,6,2023-06-22,https://hci.social/
109287361592989810,fouspath,https://hci.social/@fouspath,2022-11-04T00:00:00.000Z,1,2,0,,https://hci.social/
109287296084449840,Mirry,https://hci.social/@Mirry,2022-11-04T00:00:00.000Z,5,7,1,2022-12-21,https://hci.social/
109287286524736246,aakriti,https://hci.social/@aakriti,2022-11-04T00:00:00.000Z,2,9,0,,https://hci.social/
109287246737207514,kasra,https://hci.social/@kasra,2022-11-04T00:00:00.000Z,85,73,35,2023-10-25,https://hci.social/
109287125500414847,lpavanat,https://hci.social/@lpavanat,2022-11-04T00:00:00.000Z,28,23,6,2023-07-14,https://hci.social/
109286955984880693,jesspater,https://hci.social/@jesspater,2022-11-04T00:00:00.000Z,52,49,7,2023-06-13,https://hci.social/
109286944735021347,denniswang,https://hci.social/@denniswang,2022-11-04T00:00:00.000Z,5,17,4,2022-11-17,https://hci.social/
109286930788057250,juanathanho,https://hci.social/@juanathanho,2022-11-04T00:00:00.000Z,10,27,0,,https://hci.social/
109286841798359538,franziroesner,https://hci.social/@franziroesner,2022-11-04T00:00:00.000Z,489,141,31,2023-08-10,https://hci.social/
109286840729500662,spencer,https://hci.social/@spencer,2022-11-04T00:00:00.000Z,27,34,7,2022-12-16,https://hci.social/
109286839010824276,keri,https://hci.social/@keri,2022-11-04T00:00:00.000Z,50,62,9,2022-12-08,https://hci.social/
109286808313432990,maxkreminski,https://hci.social/@maxkreminski,2022-11-04T00:00:00.000Z,13,8,0,,https://hci.social/
109286761375455053,piccardi,https://hci.social/@piccardi,2022-11-04T00:00:00.000Z,43,64,6,2023-02-02,https://hci.social/
109286753423453633,ahnjune,https://hci.social/@ahnjune,2022-11-04T00:00:00.000Z,152,82,54,2023-09-11,https://hci.social/
109286025352911249,chrisamaphone,https://hci.social/@chrisamaphone,2022-11-04T00:00:00.000Z,1717,677,5438,2023-11-18,https://hci.social/
109285972473966467,kuhl,https://hci.social/@kuhl,2022-11-04T00:00:00.000Z,20,157,2,2022-12-22,https://hci.social/
109285720725238697,andrewhead,https://hci.social/@andrewhead,2022-11-04T00:00:00.000Z,66,47,8,2022-12-07,https://hci.social/
109285560021026494,bcaramiaux,https://hci.social/@bcaramiaux,2022-11-04T00:00:00.000Z,143,131,68,2023-11-07,https://hci.social/
109284941290948336,diego,https://hci.social/@diego,2022-11-04T00:00:00.000Z,77,111,104,2023-11-09,https://hci.social/
109284048723312060,aakarg,https://hci.social/@aakarg,2022-11-04T00:00:00.000Z,7,12,1,2022-12-12,https://hci.social/
109283765186390764,asarif,https://hci.social/@asarif,2022-11-04T00:00:00.000Z,51,47,14,2023-01-02,https://hci.social/
109283587010032520,joshnguyen,https://hci.social/@joshnguyen,2022-11-04T00:00:00.000Z,14,53,1,2022-11-07,https://hci.social/
109283518887880316,yaxingyao,https://hci.social/@yaxingyao,2022-11-04T00:00:00.000Z,19,17,2,2022-11-16,https://hci.social/
109283452419966634,nbhansen,https://hci.social/@nbhansen,2022-11-04T00:00:00.000Z,544,577,359,2023-11-17,https://hci.social/
109283219911464922,ecm_mscs,https://hci.social/@ecm_mscs,2022-11-04T00:00:00.000Z,4,39,0,,https://hci.social/
109282731131390899,Katelyncmorrison,https://hci.social/@Katelyncmorrison,2022-11-04T00:00:00.000Z,29,56,9,2022-12-21,https://hci.social/
109282376362208613,nikitasoni,https://hci.social/@nikitasoni,2022-11-03T00:00:00.000Z,23,24,0,2023-01-04,https://hci.social/
109281796082733867,scottbateman,https://hci.social/@scottbateman,2022-11-03T00:00:00.000Z,36,57,1,2022-11-06,https://hci.social/
109281462720982907,jjb,https://hci.social/@jjb,2022-11-03T00:00:00.000Z,0,4,0,,https://hci.social/
109280480316374611,danyel,https://hci.social/@danyel,2022-11-03T00:00:00.000Z,319,243,38,2023-04-28,https://hci.social/
109280479031531930,yixinzou,https://hci.social/@yixinzou,2022-11-03T00:00:00.000Z,146,152,10,2023-03-28,https://hci.social/
109280324384070013,mattm401,https://hci.social/@mattm401,2022-11-03T00:00:00.000Z,10,21,1,2022-11-03,https://hci.social/
109279955658927761,mehoque,https://hci.social/@mehoque,2022-11-03T00:00:00.000Z,26,14,7,2023-05-16,https://hci.social/
109279922921495057,lucvanderzandt,https://hci.social/@lucvanderzandt,2022-11-03T00:00:00.000Z,50,83,84,2023-10-28,https://hci.social/
109279537372071601,jenny_ai_land,https://hci.social/@jenny_ai_land,2022-11-03T00:00:00.000Z,202,148,265,2023-11-17,https://hci.social/
109277656466216027,azraism,https://hci.social/@azraism,2022-11-03T00:00:00.000Z,180,357,5,2023-01-05,https://hci.social/
109277592173631633,jcho,https://hci.social/@jcho,2022-11-03T00:00:00.000Z,0,7,0,,https://hci.social/
109276191127459822,viktoriaPammerSchindler,https://hci.social/@viktoriaPammerSchindler,2022-11-02T00:00:00.000Z,58,44,118,2023-11-16,https://hci.social/
109275927370669212,kotut,https://hci.social/@kotut,2022-11-02T00:00:00.000Z,31,62,0,,https://hci.social/
109275808009030079,Mor,https://hci.social/@Mor,2022-11-02T00:00:00.000Z,930,445,161,2023-11-12,https://hci.social/
109275546743988716,airi_,https://hci.social/@airi_,2022-11-02T00:00:00.000Z,132,185,5,2023-10-02,https://hci.social/
109275502991242546,upol,https://hci.social/@upol,2022-11-02T00:00:00.000Z,863,82,970,2023-11-18,https://hci.social/
109275471515745323,angiehiggins,https://hci.social/@angiehiggins,2022-11-02T00:00:00.000Z,15,33,1,2022-11-02,https://hci.social/
109275110217837399,mottelson,https://hci.social/@mottelson,2022-11-02T00:00:00.000Z,18,54,0,,https://hci.social/
109274855941552607,uxFabian,https://hci.social/@uxFabian,2022-11-02T00:00:00.000Z,10,17,5,2022-11-10,https://hci.social/
109274397624095868,JoshTong,https://hci.social/@JoshTong,2022-11-02T00:00:00.000Z,67,57,19,2023-08-26,https://hci.social/
109272563291959657,katrinetzrodt,https://hci.social/@katrinetzrodt,2022-11-02T00:00:00.000Z,56,13,20,2023-10-24,https://hci.social/
109272229067592890,misha,https://hci.social/@misha,2022-11-02T00:00:00.000Z,5,6,3,2022-11-24,https://hci.social/
109271914861377953,sohw,https://hci.social/@sohw,2022-11-02T00:00:00.000Z,30,60,8,2023-10-27,https://hci.social/
109271576699101851,cbecker,https://hci.social/@cbecker,2022-11-02T00:00:00.000Z,640,617,833,2023-11-17,https://hci.social/
109271568365268847,lauralevy,https://hci.social/@lauralevy,2022-11-02T00:00:00.000Z,8,13,0,,https://hci.social/
109270664191721928,RaphaelWimmer,https://hci.social/@RaphaelWimmer,2022-11-01T00:00:00.000Z,354,358,357,2023-11-18,https://hci.social/
109270438039255600,vitak,https://hci.social/@vitak,2022-11-01T00:00:00.000Z,727,213,331,2023-11-16,https://hci.social/
109270252544033274,jordanwb,https://hci.social/@jordanwb,2022-11-01T00:00:00.000Z,135,123,128,2023-11-15,https://hci.social/
109269978389614405,linkyi,https://hci.social/@linkyi,2022-11-01T00:00:00.000Z,41,33,5,2023-04-27,https://hci.social/
109269924856021225,frmaas,https://hci.social/@frmaas,2022-11-01T00:00:00.000Z,38,62,4,2023-07-13,https://hci.social/
109269710512449510,cmuhcii,https://hci.social/@cmuhcii,2022-11-01T00:00:00.000Z,150,45,41,2023-11-13,https://hci.social/
109269444979585945,olivierchapuis,https://hci.social/@olivierchapuis,2022-11-01T00:00:00.000Z,35,79,8,2023-10-31,https://hci.social/
109268809565077469,bwaber,https://hci.social/@bwaber,2022-11-01T00:00:00.000Z,765,436,3505,2023-11-18,https://hci.social/
109268532567075505,hri,https://hci.social/@hri,2022-11-01T00:00:00.000Z,53,47,44,2023-03-16,https://hci.social/
109268348036862706,tobiaslanglotz,https://hci.social/@tobiaslanglotz,2022-11-01T00:00:00.000Z,40,44,7,2023-04-04,https://hci.social/
109268181431410607,soham,https://hci.social/@soham,2022-11-01T00:00:00.000Z,27,33,2,2022-12-06,https://hci.social/
109267888386574448,Leon,https://hci.social/@Leon,2022-11-01T00:00:00.000Z,1,9,0,,https://hci.social/
109267777029241362,swiefling,https://hci.social/@swiefling,2022-11-01T00:00:00.000Z,373,150,63,2023-10-24,https://hci.social/
109267039802189104,minalee,https://hci.social/@minalee,2022-11-01T00:00:00.000Z,12,19,0,,https://hci.social/
109266610161404766,abbas,https://hci.social/@abbas,2022-11-01T00:00:00.000Z,6,20,3,2022-12-13,https://hci.social/
109266502226882393,viveka,https://hci.social/@viveka,2022-11-01T00:00:00.000Z,28,12,44,2023-09-29,https://hci.social/
109266366926497500,hellina,https://hci.social/@hellina,2022-11-01T00:00:00.000Z,24,31,8,2023-02-09,https://hci.social/
109266096091981405,legal_rico,https://hci.social/@legal_rico,2022-11-01T00:00:00.000Z,1,22,1,2023-01-17,https://hci.social/
109265759979317518,AdHaque,https://hci.social/@AdHaque,2022-11-01T00:00:00.000Z,87,30,3,2022-12-19,https://hci.social/
109265348595891301,cyxu,https://hci.social/@cyxu,2022-10-31T00:00:00.000Z,4,16,16,2023-03-22,https://hci.social/
109264533016091959,robin,https://hci.social/@robin,2022-10-31T00:00:00.000Z,106,60,8,2023-10-10,https://hci.social/
109264216214504903,colditzjb,https://hci.social/@colditzjb,2022-10-31T00:00:00.000Z,179,148,161,2023-10-25,https://hci.social/
109264192986137814,vedantneedmoeducation,https://hci.social/@vedantneedmoeducation,2022-10-31T00:00:00.000Z,24,25,2,2022-11-17,https://hci.social/
109263778405292477,torsalve,https://hci.social/@torsalve,2022-10-31T00:00:00.000Z,15,25,1,2023-11-14,https://hci.social/
109263638637118689,clatulip,https://hci.social/@clatulip,2022-10-31T00:00:00.000Z,252,244,162,2023-09-01,https://hci.social/
109263471819232582,becbot,https://hci.social/@becbot,2022-10-31T00:00:00.000Z,14,9,0,,https://hci.social/
109302849933963520,denniswittchen,https://hci.social/@denniswittchen,2022-11-07T00:00:00.000Z,16,30,71,2023-10-31,https://hci.social/
109302768077593747,theBoatman,https://hci.social/@theBoatman,2022-11-07T00:00:00.000Z,5,8,0,,https://hci.social/
109302351848093002,nels,https://hci.social/@nels,2022-11-07T00:00:00.000Z,20,48,5,2023-03-24,https://hci.social/
109302231076401095,smeddinck,https://hci.social/@smeddinck,2022-11-07T00:00:00.000Z,79,127,47,2023-11-17,https://hci.social/
109302162128969370,jussararowland,https://hci.social/@jussararowland,2022-11-07T00:00:00.000Z,165,379,2,2022-11-21,https://hci.social/
109302104569352815,mres,https://hci.social/@mres,2022-11-07T00:00:00.000Z,65,1,0,,https://hci.social/
109302067848012048,abdo,https://hci.social/@abdo,2022-11-07T00:00:00.000Z,81,257,0,,https://hci.social/
109301935417443270,drmaxlwilson,https://hci.social/@drmaxlwilson,2022-11-07T00:00:00.000Z,321,160,239,2023-09-07,https://hci.social/
109301638892669439,burton,https://hci.social/@burton,2022-11-07T00:00:00.000Z,47,62,166,2023-10-19,https://hci.social/
109301440426132885,ramboldio,https://hci.social/@ramboldio,2022-11-07T00:00:00.000Z,42,70,6,2023-07-28,https://hci.social/
109301065562392335,preetivyas,https://hci.social/@preetivyas,2022-11-07T00:00:00.000Z,1,21,0,,https://hci.social/
109300614052171791,pefortin,https://hci.social/@pefortin,2022-11-07T00:00:00.000Z,38,47,10,2022-11-25,https://hci.social/
109300564324955535,jiajing_guo,https://hci.social/@jiajing_guo,2022-11-07T00:00:00.000Z,36,57,2,2022-11-25,https://hci.social/
109300228694892432,infinimatt,https://hci.social/@infinimatt,2022-11-07T00:00:00.000Z,379,597,4235,2023-11-18,https://hci.social/
109300194370757836,hoffman,https://hci.social/@hoffman,2022-11-07T00:00:00.000Z,267,181,190,2023-10-19,https://hci.social/
109299936299909395,sarahwebber,https://hci.social/@sarahwebber,2022-11-07T00:00:00.000Z,137,164,27,2023-05-01,https://hci.social/
109299701700270487,dyutibound,https://hci.social/@dyutibound,2022-11-07T00:00:00.000Z,62,61,14,2023-08-30,https://hci.social/
109299266358679169,kgajos,https://hci.social/@kgajos,2022-11-06T00:00:00.000Z,341,124,256,2023-11-17,https://hci.social/
109299115096863503,nazaninandalibi,https://hci.social/@nazaninandalibi,2022-11-06T00:00:00.000Z,184,113,10,2023-10-12,https://hci.social/
109299055782031159,eljayoh,https://hci.social/@eljayoh,2022-11-06T00:00:00.000Z,6,45,0,,https://hci.social/
109299040931962074,scottmoore,https://hci.social/@scottmoore,2022-11-06T00:00:00.000Z,62,135,96,2023-07-29,https://hci.social/
109299034501431062,dan_bennett,https://hci.social/@dan_bennett,2022-11-06T00:00:00.000Z,341,355,1086,2023-11-17,https://hci.social/
109299010714546636,haimson,https://hci.social/@haimson,2022-11-06T00:00:00.000Z,135,115,13,2023-10-20,https://hci.social/
109298952480036659,fnunes,https://hci.social/@fnunes,2022-11-06T00:00:00.000Z,104,250,63,2023-11-18,https://hci.social/
109298318273716211,sameerhalai,https://hci.social/@sameerhalai,2022-11-06T00:00:00.000Z,8,15,8,2022-11-20,https://hci.social/
109298125675966917,mavrxlab,https://hci.social/@mavrxlab,2022-11-06T00:00:00.000Z,26,1,11,2023-03-17,https://hci.social/
109297730214569993,violynne,https://hci.social/@violynne,2022-11-06T00:00:00.000Z,5,11,0,,https://hci.social/
109297709556197014,martacecchinato,https://hci.social/@martacecchinato,2022-11-06T00:00:00.000Z,42,40,7,2023-08-29,https://hci.social/
109297600490103429,natashamalik,https://hci.social/@natashamalik,2022-11-06T00:00:00.000Z,1,1,0,,https://hci.social/
109297531742733749,Kfcito,https://hci.social/@Kfcito,2022-11-06T00:00:00.000Z,11,9,0,,https://hci.social/
109297342097429295,luiciolfi,https://hci.social/@luiciolfi,2022-11-06T00:00:00.000Z,193,81,3,2022-11-07,https://hci.social/
109297293760185289,nielsvanberkel,https://hci.social/@nielsvanberkel,2022-11-06T00:00:00.000Z,48,59,4,2023-03-17,https://hci.social/
109297207647754144,mariawolters,https://hci.social/@mariawolters,2022-11-06T00:00:00.000Z,404,360,141,2023-05-06,https://hci.social/
109296871161211195,derekreilly,https://hci.social/@derekreilly,2022-11-06T00:00:00.000Z,60,144,147,2023-11-06,https://hci.social/
109296628541552855,mbernimont,https://hci.social/@mbernimont,2022-11-06T00:00:00.000Z,16,76,88,2023-09-21,https://hci.social/
109296557608103922,triciagriffin,https://hci.social/@triciagriffin,2022-11-06T00:00:00.000Z,50,24,12,2023-01-10,https://hci.social/
109296432352177807,jin_lc_guo,https://hci.social/@jin_lc_guo,2022-11-06T00:00:00.000Z,19,51,4,2023-10-17,https://hci.social/
109295857528741571,stephanraaijmakers,https://hci.social/@stephanraaijmakers,2022-11-06T00:00:00.000Z,3,0,1,2022-11-06,https://hci.social/
109295491371229479,kand,https://hci.social/@kand,2022-11-06T00:00:00.000Z,109,135,120,2023-11-07,https://hci.social/
109295337309942537,Cora,https://hci.social/@Cora,2022-11-06T00:00:00.000Z,35,89,0,2022-11-12,https://hci.social/
109295291977681742,kentrellowens,https://hci.social/@kentrellowens,2022-11-06T00:00:00.000Z,137,184,28,2023-10-04,https://hci.social/
109294610486223610,jamieBGN,https://hci.social/@jamieBGN,2022-11-06T00:00:00.000Z,842,193,236,2023-06-12,https://hci.social/
109294303580169055,ian,https://hci.social/@ian,2022-11-06T00:00:00.000Z,3,0,0,,https://hci.social/
109294282737828820,jdp23,https://hci.social/@jdp23,2022-11-06T00:00:00.000Z,79,105,254,2023-06-30,https://hci.social/
109294231407919585,popux,https://hci.social/@popux,2022-11-06T00:00:00.000Z,4,5,1,2022-11-06,https://hci.social/
109294106167794337,tod,https://hci.social/@tod,2022-11-06T00:00:00.000Z,840,157,1240,2023-11-18,https://hci.social/
109293449923299613,ndiakopoulos,https://hci.social/@ndiakopoulos,2022-11-05T00:00:00.000Z,627,143,143,2023-11-14,https://hci.social/
109293361154375147,_mball_,https://hci.social/@_mball_,2022-11-05T00:00:00.000Z,30,101,48,2023-11-14,https://hci.social/
109293158840427651,ellali,https://hci.social/@ellali,2022-11-05T00:00:00.000Z,23,80,1,2022-11-18,https://hci.social/
109293139737082387,gligoric,https://hci.social/@gligoric,2022-11-05T00:00:00.000Z,57,83,0,,https://hci.social/
109293030488465281,luigidr,https://hci.social/@luigidr,2022-11-05T00:00:00.000Z,70,81,11,2023-01-14,https://hci.social/
109292883889388907,rzehrung,https://hci.social/@rzehrung,2022-11-05T00:00:00.000Z,1,4,0,,https://hci.social/
109292880476932028,bioinfhotep,https://hci.social/@bioinfhotep,2022-11-05T00:00:00.000Z,6,3,0,,https://hci.social/
109292559791987713,elme,https://hci.social/@elme,2022-11-05T00:00:00.000Z,12,47,0,,https://hci.social/
109292332597449705,Zhai,https://hci.social/@Zhai,2022-11-05T00:00:00.000Z,4,4,0,,https://hci.social/
109292301483844691,jeremy,https://hci.social/@jeremy,2022-11-05T00:00:00.000Z,452,474,487,2023-11-12,https://hci.social/
109292221431315534,Manikantroy,https://hci.social/@Manikantroy,2022-11-05T00:00:00.000Z,2,1,0,,https://hci.social/
109292150541488991,pedrolopes,https://hci.social/@pedrolopes,2022-11-05T00:00:00.000Z,324,568,170,2023-11-03,https://hci.social/
109292081835491415,urisohn,https://hci.social/@urisohn,2022-11-05T00:00:00.000Z,637,92,46,2023-01-22,https://hci.social/
109291929834235790,gharsha,https://hci.social/@gharsha,2022-11-05T00:00:00.000Z,14,12,1,2022-11-06,https://hci.social/
109291809305718505,chinl,https://hci.social/@chinl,2022-11-05T00:00:00.000Z,19,1,2,2022-12-29,https://hci.social/
109291425936401439,divasmriti,https://hci.social/@divasmriti,2022-11-05T00:00:00.000Z,2,5,0,,https://hci.social/
109291410994619711,nholbert,https://hci.social/@nholbert,2022-11-05T00:00:00.000Z,121,248,378,2023-07-03,https://hci.social/
109291369766733055,krischi,https://hci.social/@krischi,2022-11-05T00:00:00.000Z,72,48,41,2022-11-23,https://hci.social/
109291268707441386,huaishup,https://hci.social/@huaishup,2022-11-05T00:00:00.000Z,28,29,8,2022-12-04,https://hci.social/
109290715502592082,codingconduct,https://hci.social/@codingconduct,2022-11-05T00:00:00.000Z,582,144,330,2023-11-15,https://hci.social/
109290690617417918,Mashael,https://hci.social/@Mashael,2022-11-05T00:00:00.000Z,0,3,0,,https://hci.social/
109290441148219937,DBuschek,https://hci.social/@DBuschek,2022-11-05T00:00:00.000Z,410,384,148,2023-09-25,https://hci.social/
109290332696084594,pgoddard10,https://hci.social/@pgoddard10,2022-11-05T00:00:00.000Z,18,15,76,2023-01-29,https://hci.social/
109290272433594114,tino,https://hci.social/@tino,2022-11-05T00:00:00.000Z,154,119,9,2023-08-31,https://hci.social/
109289703544547760,yiting,https://hci.social/@yiting,2022-11-05T00:00:00.000Z,13,9,13,2023-07-04,https://hci.social/
109289327662977018,peiling,https://hci.social/@peiling,2022-11-05T00:00:00.000Z,3,3,0,,https://hci.social/
109289161963583935,vishalsharma,https://hci.social/@vishalsharma,2022-11-05T00:00:00.000Z,26,60,1,2023-09-20,https://hci.social/
109288967447172041,normsu,https://hci.social/@normsu,2022-11-05T00:00:00.000Z,17,43,1,2023-08-08,https://hci.social/
109288764466529386,mott_lab_,https://hci.social/@mott_lab_,2022-11-05T00:00:00.000Z,28,29,4,2023-04-03,https://hci.social/
109288691079164735,guofreeman,https://hci.social/@guofreeman,2022-11-05T00:00:00.000Z,29,29,6,2023-01-12,https://hci.social/
109288650216344867,Rio,https://hci.social/@Rio,2022-11-05T00:00:00.000Z,0,3,0,,https://hci.social/
109288633596283106,ishtiaque,https://hci.social/@ishtiaque,2022-11-05T00:00:00.000Z,93,123,12,2023-02-03,https://hci.social/
109288580226191166,azhenley,https://hci.social/@azhenley,2022-11-05T00:00:00.000Z,137,102,13,2023-08-06,https://hci.social/
109288484565808884,chrisparnin,https://hci.social/@chrisparnin,2022-11-05T00:00:00.000Z,125,111,116,2023-08-26,https://hci.social/
109326838797468757,savvas,https://hci.social/@savvas,2022-11-11T00:00:00.000Z,2,0,0,,https://hci.social/
109326250204765946,dougschuler,https://hci.social/@dougschuler,2022-11-11T00:00:00.000Z,167,304,547,2023-11-14,https://hci.social/
109326240601246425,flowdie,https://hci.social/@flowdie,2022-11-11T00:00:00.000Z,82,211,488,2023-11-18,https://hci.social/
109325832728547885,cmerrellstone,https://hci.social/@cmerrellstone,2022-11-11T00:00:00.000Z,82,88,110,2023-11-08,https://hci.social/
109325704301013903,kenny,https://hci.social/@kenny,2022-11-11T00:00:00.000Z,124,143,7,2023-07-25,https://hci.social/
109324494001736449,pgpais,https://hci.social/@pgpais,2022-11-11T00:00:00.000Z,0,2,0,,https://hci.social/
109324009303772670,feilseifer,https://hci.social/@feilseifer,2022-11-11T00:00:00.000Z,25,78,114,2023-11-03,https://hci.social/
109323744322577242,shrutimahajan,https://hci.social/@shrutimahajan,2022-11-11T00:00:00.000Z,4,17,0,,https://hci.social/
109322685152785935,raynez,https://hci.social/@raynez,2022-11-11T00:00:00.000Z,32,17,6,2022-11-11,https://hci.social/
109322203782048805,scottdejong,https://hci.social/@scottdejong,2022-11-10T00:00:00.000Z,107,135,65,2023-04-19,https://hci.social/
109320912972438741,angelica,https://hci.social/@angelica,2022-11-10T00:00:00.000Z,334,165,17,2023-01-23,https://hci.social/
109320905910328632,blakedanzig,https://hci.social/@blakedanzig,2022-11-10T00:00:00.000Z,2,2,0,,https://hci.social/
109320893414808666,raphaelkim,https://hci.social/@raphaelkim,2022-11-10T00:00:00.000Z,16,28,0,,https://hci.social/
109320128162206517,duri,https://hci.social/@duri,2022-11-10T00:00:00.000Z,13,23,1,2022-12-19,https://hci.social/
109319923412640336,hcid,https://hci.social/@hcid,2022-11-10T00:00:00.000Z,13,5,2,2023-11-03,https://hci.social/
109319794107633402,nicoffman,https://hci.social/@nicoffman,2022-11-10T00:00:00.000Z,5,24,18,2023-11-12,https://hci.social/
109319636636499704,saharmirhadi,https://hci.social/@saharmirhadi,2022-11-10T00:00:00.000Z,154,172,130,2023-10-22,https://hci.social/
109319620659747186,jochenhuber,https://hci.social/@jochenhuber,2022-11-10T00:00:00.000Z,49,131,7,2023-05-11,https://hci.social/
109319214581523900,hcisorbonne,https://hci.social/@hcisorbonne,2022-11-10T00:00:00.000Z,40,2,3,2022-11-16,https://hci.social/
109318961584929026,valkyrie,https://hci.social/@valkyrie,2022-11-10T00:00:00.000Z,11,6,0,,https://hci.social/
109318454615323988,philvanallen,https://hci.social/@philvanallen,2022-11-10T00:00:00.000Z,38,30,24,2023-04-24,https://hci.social/
109318450709985267,huhjina,https://hci.social/@huhjina,2022-11-10T00:00:00.000Z,37,26,5,2023-04-23,https://hci.social/
109317680801871048,kevin_chunhsien,https://hci.social/@kevin_chunhsien,2022-11-10T00:00:00.000Z,13,28,7,2023-05-09,https://hci.social/
109316305580179984,katzellner,https://hci.social/@katzellner,2022-11-09T00:00:00.000Z,5,10,4,2022-11-11,https://hci.social/
109315836042600371,FMCalisto,https://hci.social/@FMCalisto,2022-11-09T00:00:00.000Z,13,35,7,2023-06-01,https://hci.social/
109315720236309219,keshavsapra,https://hci.social/@keshavsapra,2022-11-09T00:00:00.000Z,2,4,2,2022-11-10,https://hci.social/
109315119448767543,dhansen,https://hci.social/@dhansen,2022-11-09T00:00:00.000Z,51,50,21,2023-08-29,https://hci.social/
109315111709738422,lynndombrowski,https://hci.social/@lynndombrowski,2022-11-09T00:00:00.000Z,20,33,2,2023-08-21,https://hci.social/
109314255641376079,houda,https://hci.social/@houda,2022-11-09T00:00:00.000Z,12,37,0,,https://hci.social/
109313741356116083,kirankappeler,https://hci.social/@kirankappeler,2022-11-09T00:00:00.000Z,110,69,9,2023-01-20,https://hci.social/
109312928647853580,mehrotras,https://hci.social/@mehrotras,2022-11-09T00:00:00.000Z,7,10,0,,https://hci.social/
109312426087376082,tomalytics,https://hci.social/@tomalytics,2022-11-09T00:00:00.000Z,4,4,1,2022-11-09,https://hci.social/
109311729280273790,arvind,https://hci.social/@arvind,2022-11-09T00:00:00.000Z,6,2,6,2023-01-25,https://hci.social/
109311493853825098,karthik,https://hci.social/@karthik,2022-11-09T00:00:00.000Z,10,12,0,,https://hci.social/
109311083585260134,denae,https://hci.social/@denae,2022-11-09T00:00:00.000Z,90,15,1,2022-11-09,https://hci.social/
109310873965267359,chabwera,https://hci.social/@chabwera,2022-11-08T00:00:00.000Z,0,1,0,,https://hci.social/
109310369258734486,Joe,https://hci.social/@Joe,2022-11-08T00:00:00.000Z,2,7,0,,https://hci.social/
109310214649663007,pol,https://hci.social/@pol,2022-11-08T00:00:00.000Z,1,35,0,,https://hci.social/
109309839458907409,ollywogs,https://hci.social/@ollywogs,2022-11-08T00:00:00.000Z,4,10,0,,https://hci.social/
109309524454202764,vlevesque,https://hci.social/@vlevesque,2022-11-08T00:00:00.000Z,8,17,0,,https://hci.social/
109309385218199310,jbragg,https://hci.social/@jbragg,2022-11-08T00:00:00.000Z,7,6,0,,https://hci.social/
109309256903143651,ml,https://hci.social/@ml,2022-11-08T00:00:00.000Z,7,12,0,,https://hci.social/
109309230422905830,flarion,https://hci.social/@flarion,2022-11-08T00:00:00.000Z,113,89,231,2023-11-14,https://hci.social/
109309004100851722,fannieliu,https://hci.social/@fannieliu,2022-11-08T00:00:00.000Z,69,31,7,2023-04-19,https://hci.social/
109308941378785344,simulo,https://hci.social/@simulo,2022-11-08T00:00:00.000Z,387,403,1390,2023-11-17,https://hci.social/
109308871861887723,ziweigu,https://hci.social/@ziweigu,2022-11-08T00:00:00.000Z,2,4,0,,https://hci.social/
109308705426178443,fbruehlmann,https://hci.social/@fbruehlmann,2022-11-08T00:00:00.000Z,29,65,10,2023-11-14,https://hci.social/
109308655440310263,bellini,https://hci.social/@bellini,2022-11-08T00:00:00.000Z,9,1,0,,https://hci.social/
109308516017538203,antoine,https://hci.social/@antoine,2022-11-08T00:00:00.000Z,35,83,48,2023-08-28,https://hci.social/
109308505802459221,chriselsden,https://hci.social/@chriselsden,2022-11-08T00:00:00.000Z,60,11,0,,https://hci.social/
109308211674204939,maro,https://hci.social/@maro,2022-11-08T00:00:00.000Z,24,35,18,2022-11-24,https://hci.social/
109308210156353996,phoebesengers,https://hci.social/@phoebesengers,2022-11-08T00:00:00.000Z,269,111,48,2023-02-22,https://hci.social/
109307693691798608,jackjamieson,https://hci.social/@jackjamieson,2022-11-08T00:00:00.000Z,107,84,29,2023-10-16,https://hci.social/
109307210515475225,rgnlg,https://hci.social/@rgnlg,2022-11-08T00:00:00.000Z,21,29,0,,https://hci.social/
109305939757540615,interfaceaddict,https://hci.social/@interfaceaddict,2022-11-08T00:00:00.000Z,50,59,30,2023-09-14,https://hci.social/
109305719785171842,maitraye,https://hci.social/@maitraye,2022-11-08T00:00:00.000Z,24,20,4,2023-03-09,https://hci.social/
109305667144811504,erinhiggins,https://hci.social/@erinhiggins,2022-11-08T00:00:00.000Z,8,15,1,2023-04-26,https://hci.social/
109305603536495782,teevan,https://hci.social/@teevan,2022-11-08T00:00:00.000Z,41,30,0,,https://hci.social/
109305552576445542,mluria,https://hci.social/@mluria,2022-11-08T00:00:00.000Z,70,37,11,2023-08-16,https://hci.social/
109305376354958653,mnmorag,https://hci.social/@mnmorag,2022-11-08T00:00:00.000Z,2,1,1,2022-11-08,https://hci.social/
109305133765930823,leenamurgai,https://hci.social/@leenamurgai,2022-11-07T00:00:00.000Z,202,61,82,2023-04-25,https://hci.social/
109305021889521005,tinaheidinger,https://hci.social/@tinaheidinger,2022-11-07T00:00:00.000Z,27,62,28,2023-07-24,https://hci.social/
109304898885789370,mkalten,https://hci.social/@mkalten,2022-11-07T00:00:00.000Z,188,83,1,2022-11-09,https://hci.social/
109304843984858921,sharathguntuku,https://hci.social/@sharathguntuku,2022-11-07T00:00:00.000Z,1,0,0,,https://hci.social/
109304598285199360,tomo,https://hci.social/@tomo,2022-11-07T00:00:00.000Z,4,0,0,,https://hci.social/
109304366540725733,steffi,https://hci.social/@steffi,2022-11-07T00:00:00.000Z,191,175,22,2023-11-01,https://hci.social/
109304173438084607,marianne,https://hci.social/@marianne,2022-11-07T00:00:00.000Z,42,63,8,2023-03-07,https://hci.social/
109304082468998713,cl,https://hci.social/@cl,2022-11-07T00:00:00.000Z,0,3,0,,https://hci.social/
109304026368365371,kenhinckley,https://hci.social/@kenhinckley,2022-11-07T00:00:00.000Z,198,137,3,2023-02-21,https://hci.social/
109303982014584857,svoida,https://hci.social/@svoida,2022-11-07T00:00:00.000Z,27,5,0,,https://hci.social/
109303743092797103,jack,https://hci.social/@jack,2022-11-07T00:00:00.000Z,10,24,0,,https://hci.social/
109303722580188467,yoshikiohshima,https://hci.social/@yoshikiohshima,2022-11-07T00:00:00.000Z,30,34,39,2023-11-02,https://hci.social/
109303645790566894,stevie,https://hci.social/@stevie,2022-11-07T00:00:00.000Z,354,133,35,2023-06-06,https://hci.social/
109303618080632020,junkato,https://hci.social/@junkato,2022-11-07T00:00:00.000Z,74,51,24,2023-11-15,https://hci.social/
109303545466752312,conradlempert,https://hci.social/@conradlempert,2022-11-07T00:00:00.000Z,1,0,0,,https://hci.social/
109303334928107154,cholz,https://hci.social/@cholz,2022-11-07T00:00:00.000Z,16,15,0,,https://hci.social/
109303305009636798,metaxa,https://hci.social/@metaxa,2022-11-07T00:00:00.000Z,259,32,13,2023-07-02,https://hci.social/
109303287077879344,davidribes,https://hci.social/@davidribes,2022-11-07T00:00:00.000Z,950,346,407,2023-06-13,https://hci.social/
109303084131851411,dxid,https://hci.social/@dxid,2022-11-07T00:00:00.000Z,1,6,0,,https://hci.social/
109302989260629774,magerko,https://hci.social/@magerko,2022-11-07T00:00:00.000Z,3,3,0,,https://hci.social/
109366636468892302,mporcheron,https://hci.social/@mporcheron,2022-11-18T00:00:00.000Z,92,100,135,2023-11-15,https://hci.social/
109366545645139795,juxtacognition,https://hci.social/@juxtacognition,2022-11-18T00:00:00.000Z,122,230,832,2023-11-18,https://hci.social/
109366456760400672,patel,https://hci.social/@patel,2022-11-18T00:00:00.000Z,8,34,22,2023-08-31,https://hci.social/
109366013550148841,lanthonyuf,https://hci.social/@lanthonyuf,2022-11-18T00:00:00.000Z,47,43,37,2023-11-07,https://hci.social/
109365811459186116,FRiaK,https://hci.social/@FRiaK,2022-11-18T00:00:00.000Z,35,33,16,2023-10-26,https://hci.social/
109365806130445647,peterwinchester,https://hci.social/@peterwinchester,2022-11-18T00:00:00.000Z,4,6,0,,https://hci.social/
109365763897345965,katyilonka,https://hci.social/@katyilonka,2022-11-18T00:00:00.000Z,158,110,111,2023-06-22,https://hci.social/
109365750074592831,caitlinlawson,https://hci.social/@caitlinlawson,2022-11-18T00:00:00.000Z,41,88,0,,https://hci.social/
109365689925526195,dwyoo,https://hci.social/@dwyoo,2022-11-18T00:00:00.000Z,7,8,0,,https://hci.social/
109365640318412019,jacyanthis,https://hci.social/@jacyanthis,2022-11-18T00:00:00.000Z,0,2,0,,https://hci.social/
109365307491071199,rachaelgarrett,https://hci.social/@rachaelgarrett,2022-11-18T00:00:00.000Z,5,3,0,,https://hci.social/
109365123954993214,caminhaslorena,https://hci.social/@caminhaslorena,2022-11-18T00:00:00.000Z,42,44,3,2023-03-17,https://hci.social/
109365050178910468,daniella,https://hci.social/@daniella,2022-11-18T00:00:00.000Z,3,21,0,,https://hci.social/
109364927461335113,centeio,https://hci.social/@centeio,2022-11-18T00:00:00.000Z,4,10,0,,https://hci.social/
109364744022377410,vijay,https://hci.social/@vijay,2022-11-18T00:00:00.000Z,89,120,5,2023-08-08,https://hci.social/
109364724081194492,rishabn,https://hci.social/@rishabn,2022-11-18T00:00:00.000Z,58,68,1,2022-11-28,https://hci.social/
109364631555242343,jacobytekel,https://hci.social/@jacobytekel,2022-11-18T00:00:00.000Z,0,19,0,,https://hci.social/
109364554870857382,xexeo,https://hci.social/@xexeo,2022-11-18T00:00:00.000Z,3,1,0,,https://hci.social/
109364387865374911,rfiebrink,https://hci.social/@rfiebrink,2022-11-18T00:00:00.000Z,545,240,9,2023-01-12,https://hci.social/
109364193520861414,rodzam,https://hci.social/@rodzam,2022-11-18T00:00:00.000Z,168,121,76,2023-11-07,https://hci.social/
109363900606557696,seweiss,https://hci.social/@seweiss,2022-11-18T00:00:00.000Z,15,29,21,2023-05-02,https://hci.social/
109363769558976602,ziyingm,https://hci.social/@ziyingm,2022-11-18T00:00:00.000Z,15,27,5,2022-12-05,https://hci.social/
109363278855523826,ICA_HMC,https://hci.social/@ICA_HMC,2022-11-18T00:00:00.000Z,123,4,54,2023-10-30,https://hci.social/
109362773620808542,zappala,https://hci.social/@zappala,2022-11-18T00:00:00.000Z,1,3,1,2022-11-29,https://hci.social/
109362484026350606,cbuntain,https://hci.social/@cbuntain,2022-11-18T00:00:00.000Z,113,120,5,2023-07-25,https://hci.social/
109362332319598452,sree,https://hci.social/@sree,2022-11-18T00:00:00.000Z,29,35,0,2023-01-08,https://hci.social/
109362237286967557,santacalculus,https://hci.social/@santacalculus,2022-11-18T00:00:00.000Z,19,13,1,2022-11-18,https://hci.social/
109361221296409077,acm_creativitycognition,https://hci.social/@acm_creativitycognition,2022-11-17T00:00:00.000Z,135,10,29,2023-10-24,https://hci.social/
109360716146159362,DanG,https://hci.social/@DanG,2022-11-17T00:00:00.000Z,2,0,0,,https://hci.social/
109360052762288188,schuetzler,https://hci.social/@schuetzler,2022-11-17T00:00:00.000Z,21,54,59,2023-04-12,https://hci.social/
109358630304172736,EWAFWorkshop,https://hci.social/@EWAFWorkshop,2022-11-17T00:00:00.000Z,31,0,23,2023-07-17,https://hci.social/
109357501168124817,samlau,https://hci.social/@samlau,2022-11-17T00:00:00.000Z,5,9,0,,https://hci.social/
109355729091271465,katharina,https://hci.social/@katharina,2022-11-16T00:00:00.000Z,92,42,18,2023-04-27,https://hci.social/
109354033122619826,inSPIeRING,https://hci.social/@inSPIeRING,2022-11-16T00:00:00.000Z,8,14,6,2022-11-19,https://hci.social/
109353571813090095,kelsmith,https://hci.social/@kelsmith,2022-11-16T00:00:00.000Z,2,8,1,2022-11-16,https://hci.social/
109353448516631051,tiagoguerreiro,https://hci.social/@tiagoguerreiro,2022-11-16T00:00:00.000Z,20,23,0,,https://hci.social/
109352733949558767,mactrix,https://hci.social/@mactrix,2022-11-16T00:00:00.000Z,1,1,0,,https://hci.social/
109351589160459409,joshsheldon,https://hci.social/@joshsheldon,2022-11-16T00:00:00.000Z,3,11,35,2022-12-16,https://hci.social/
109351173675413230,noemie,https://hci.social/@noemie,2022-11-16T00:00:00.000Z,1,0,0,,https://hci.social/
109350290822680635,rzhong,https://hci.social/@rzhong,2022-11-15T00:00:00.000Z,2,10,0,,https://hci.social/
109349717979443119,fasterandworse,https://hci.social/@fasterandworse,2022-11-15T00:00:00.000Z,239,92,1417,2023-11-17,https://hci.social/
109349606311170140,jcdonner,https://hci.social/@jcdonner,2022-11-15T00:00:00.000Z,163,310,10,2023-05-26,https://hci.social/
109348637371316982,augustoeae,https://hci.social/@augustoeae,2022-11-15T00:00:00.000Z,3,6,0,,https://hci.social/
109348486787892352,ajenk,https://hci.social/@ajenk,2022-11-15T00:00:00.000Z,60,47,11,2022-11-26,https://hci.social/
109348286742916719,rosspopovs,https://hci.social/@rosspopovs,2022-11-15T00:00:00.000Z,1,0,0,,https://hci.social/
109347981308610118,reed,https://hci.social/@reed,2022-11-15T00:00:00.000Z,16,39,106,2023-09-29,https://hci.social/
109347113730051689,magnushkaspersen,https://hci.social/@magnushkaspersen,2022-11-15T00:00:00.000Z,5,4,3,2022-11-15,https://hci.social/
109346245924080620,acmiui,https://hci.social/@acmiui,2022-11-15T00:00:00.000Z,80,22,13,2023-11-08,https://hci.social/
109346187192590707,amanda,https://hci.social/@amanda,2022-11-15T00:00:00.000Z,29,15,0,,https://hci.social/
109345732909824961,zachll,https://hci.social/@zachll,2022-11-15T00:00:00.000Z,8,68,0,,https://hci.social/
109345629138494164,khia,https://hci.social/@khia,2022-11-15T00:00:00.000Z,323,385,27,2022-12-08,https://hci.social/
109344285218309293,maia_jacobs,https://hci.social/@maia_jacobs,2022-11-14T00:00:00.000Z,25,32,6,2023-10-12,https://hci.social/
109342292535762166,aaramirezdu,https://hci.social/@aaramirezdu,2022-11-14T00:00:00.000Z,7,27,0,,https://hci.social/
109342075176221524,maxpascher,https://hci.social/@maxpascher,2022-11-14T00:00:00.000Z,68,78,61,2023-08-02,https://hci.social/
109341076081598299,manoel,https://hci.social/@manoel,2022-11-14T00:00:00.000Z,223,224,77,2023-01-30,https://hci.social/
109340063879946183,ludens,https://hci.social/@ludens,2022-11-14T00:00:00.000Z,102,69,43,2023-10-17,https://hci.social/
109338477579093945,minlee,https://hci.social/@minlee,2022-11-13T00:00:00.000Z,79,29,0,,https://hci.social/
109338042892496550,brozena,https://hci.social/@brozena,2022-11-13T00:00:00.000Z,19,139,0,,https://hci.social/
109337961591161088,ryanatkn,https://hci.social/@ryanatkn,2022-11-13T00:00:00.000Z,37,93,9,2023-08-06,https://hci.social/
109337887403549796,annetropy,https://hci.social/@annetropy,2022-11-13T00:00:00.000Z,139,122,22,2023-02-13,https://hci.social/
109337612351196917,sywei07,https://hci.social/@sywei07,2022-11-13T00:00:00.000Z,18,61,23,2023-05-14,https://hci.social/
109337194653166153,SebastianRoeck,https://hci.social/@SebastianRoeck,2022-11-13T00:00:00.000Z,41,13,5,2022-11-21,https://hci.social/
109336979683842433,racquel,https://hci.social/@racquel,2022-11-13T00:00:00.000Z,1,1,0,,https://hci.social/
109336789924968462,mprove,https://hci.social/@mprove,2022-11-13T00:00:00.000Z,319,402,336,2023-11-16,https://hci.social/
109336363760572989,jarm,https://hci.social/@jarm,2022-11-13T00:00:00.000Z,3,1,0,,https://hci.social/
109335608344000805,zac,https://hci.social/@zac,2022-11-13T00:00:00.000Z,2,1,0,,https://hci.social/
109334844569825630,jx13,https://hci.social/@jx13,2022-11-13T00:00:00.000Z,2,6,0,,https://hci.social/
109334134518865937,Ruthef,https://hci.social/@Ruthef,2022-11-13T00:00:00.000Z,138,9,0,,https://hci.social/
109333254556287519,minjaaxelsson,https://hci.social/@minjaaxelsson,2022-11-12T00:00:00.000Z,25,67,0,,https://hci.social/
109333061542469965,Talie,https://hci.social/@Talie,2022-11-12T00:00:00.000Z,30,15,20,2023-10-28,https://hci.social/
109332493763212372,nadiaberthouze,https://hci.social/@nadiaberthouze,2022-11-12T00:00:00.000Z,18,14,2,2022-11-13,https://hci.social/
109332380401603962,aquigley,https://hci.social/@aquigley,2022-11-12T00:00:00.000Z,608,437,796,2023-11-05,https://hci.social/
109331498917429645,Yuanliu,https://hci.social/@Yuanliu,2022-11-12T00:00:00.000Z,2,2,2,2022-11-12,https://hci.social/
109331453998993140,ianarawjo,https://hci.social/@ianarawjo,2022-11-12T00:00:00.000Z,132,98,81,2023-11-17,https://hci.social/
109331392555768057,petervandijck,https://hci.social/@petervandijck,2022-11-12T00:00:00.000Z,17,9,1,2022-11-12,https://hci.social/
109331215629870785,letterpress,https://hci.social/@letterpress,2022-11-12T00:00:00.000Z,7,10,4,2022-12-07,https://hci.social/
109327509890442688,mackerman,https://hci.social/@mackerman,2022-11-11T00:00:00.000Z,3,10,0,,https://hci.social/
109327362667974216,__kkado,https://hci.social/@__kkado,2022-11-11T00:00:00.000Z,16,42,0,,https://hci.social/
109327257285914702,Anna,https://hci.social/@Anna,2022-11-11T00:00:00.000Z,101,65,22,2023-10-01,https://hci.social/
109326896069618660,br,https://hci.social/@br,2022-11-11T00:00:00.000Z,27,91,55,2023-11-17,https://hci.social/
109467428920172086,AKWILL,https://hci.social/@AKWILL,2022-12-06T00:00:00.000Z,2,5,0,,https://hci.social/
109467229458219426,chiplay,https://hci.social/@chiplay,2022-12-06T00:00:00.000Z,92,9,39,2023-10-13,https://hci.social/
109464463797526434,robotnik,https://hci.social/@robotnik,2022-12-06T00:00:00.000Z,0,6,0,,https://hci.social/
109463158338968179,labinthewild,https://hci.social/@labinthewild,2022-12-05T00:00:00.000Z,43,47,2,2023-02-09,https://hci.social/
109459389416719117,DianaF,https://hci.social/@DianaF,2022-12-05T00:00:00.000Z,20,72,1,2022-12-18,https://hci.social/
109459209318299966,nicvtwoz,https://hci.social/@nicvtwoz,2022-12-05T00:00:00.000Z,0,12,0,,https://hci.social/
109453646455600410,ristenpart,https://hci.social/@ristenpart,2022-12-04T00:00:00.000Z,22,38,23,2023-11-04,https://hci.social/
109446769747731959,ryanliu,https://hci.social/@ryanliu,2022-12-02T00:00:00.000Z,1,6,0,,https://hci.social/
109446128190673417,niharika,https://hci.social/@niharika,2022-12-02T00:00:00.000Z,17,40,3,2023-02-15,https://hci.social/
109444806043755147,maryamb,https://hci.social/@maryamb,2022-12-02T00:00:00.000Z,0,5,0,,https://hci.social/
109444142731904621,chitalyconf,https://hci.social/@chitalyconf,2022-12-02T00:00:00.000Z,121,285,83,2023-09-20,https://hci.social/
109443810750369110,hist_HT,https://hci.social/@hist_HT,2022-12-02T00:00:00.000Z,26,13,11,2023-09-12,https://hci.social/
109443203949546301,yonghan,https://hci.social/@yonghan,2022-12-02T00:00:00.000Z,1,11,0,,https://hci.social/
109440588905847086,sigcas,https://hci.social/@sigcas,2022-12-01T00:00:00.000Z,76,62,51,2023-09-22,https://hci.social/
109438873964252797,mahdi,https://hci.social/@mahdi,2022-12-01T00:00:00.000Z,0,1,0,,https://hci.social/
109437916861827907,HUMAN,https://hci.social/@HUMAN,2022-12-01T00:00:00.000Z,31,21,16,2023-09-05,https://hci.social/
109437550966253046,noone,https://hci.social/@noone,2022-12-01T00:00:00.000Z,0,1,0,,https://hci.social/
109435789444547632,annafang,https://hci.social/@annafang,2022-12-01T00:00:00.000Z,12,19,3,2023-03-01,https://hci.social/
109425854800281292,tonya,https://hci.social/@tonya,2022-11-29T00:00:00.000Z,26,26,0,,https://hci.social/
109424848775717723,alexdc,https://hci.social/@alexdc,2022-11-29T00:00:00.000Z,11,16,0,,https://hci.social/
109424675764302430,encodedgeek,https://hci.social/@encodedgeek,2022-11-29T00:00:00.000Z,7,32,1,2023-10-01,https://hci.social/
109423026572050531,zhavens,https://hci.social/@zhavens,2022-11-28T00:00:00.000Z,17,15,16,2023-02-01,https://hci.social/
109421985603907452,PetraWille,https://hci.social/@PetraWille,2022-11-28T00:00:00.000Z,304,266,47,2023-10-18,https://hci.social/
109420920073675301,Nzagalo,https://hci.social/@Nzagalo,2022-11-28T00:00:00.000Z,169,367,265,2023-08-11,https://hci.social/
109420132700253070,orsonxu,https://hci.social/@orsonxu,2022-11-28T00:00:00.000Z,6,16,1,2023-04-04,https://hci.social/
109417599224172515,daspitzberg,https://hci.social/@daspitzberg,2022-11-27T00:00:00.000Z,9,0,0,,https://hci.social/
109417305385154660,jordant,https://hci.social/@jordant,2022-11-27T00:00:00.000Z,583,478,291,2023-10-19,https://hci.social/
109416886272714382,weixulu,https://hci.social/@weixulu,2022-11-27T00:00:00.000Z,8,26,13,2023-10-20,https://hci.social/
109410224039758061,orion,https://hci.social/@orion,2022-11-26T00:00:00.000Z,11,12,3,2023-01-15,https://hci.social/
109409179401638113,qyc_07,https://hci.social/@qyc_07,2022-11-26T00:00:00.000Z,5,10,5,2022-12-07,https://hci.social/
109407245425198240,corbet,https://hci.social/@corbet,2022-11-26T00:00:00.000Z,1,45,0,,https://hci.social/
109400511254343811,vanissawanick,https://hci.social/@vanissawanick,2022-11-24T00:00:00.000Z,0,3,0,,https://hci.social/
109394702118760852,audreygirouard,https://hci.social/@audreygirouard,2022-11-23T00:00:00.000Z,89,110,28,2023-03-20,https://hci.social/
109393839294976588,ThomasMildner,https://hci.social/@ThomasMildner,2022-11-23T00:00:00.000Z,32,22,18,2023-03-15,https://hci.social/
109389639943742333,mkljun,https://hci.social/@mkljun,2022-11-22T00:00:00.000Z,9,10,6,2022-11-29,https://hci.social/
109389086415169887,cbw,https://hci.social/@cbw,2022-11-22T00:00:00.000Z,9,12,0,,https://hci.social/
109388378697143532,aliponti,https://hci.social/@aliponti,2022-11-22T00:00:00.000Z,8,17,0,,https://hci.social/
109387905877311816,aislingokane,https://hci.social/@aislingokane,2022-11-22T00:00:00.000Z,18,14,0,,https://hci.social/
109387170672355622,srravya,https://hci.social/@srravya,2022-11-22T00:00:00.000Z,39,102,19,2023-10-12,https://hci.social/
109386602750211156,ebuie,https://hci.social/@ebuie,2022-11-22T00:00:00.000Z,21,44,5,2022-11-23,https://hci.social/
109385834474271752,augmented,https://hci.social/@augmented,2022-11-22T00:00:00.000Z,13,2,1,2022-11-22,https://hci.social/
109384437874106730,cephcyn,https://hci.social/@cephcyn,2022-11-21T00:00:00.000Z,17,83,0,,https://hci.social/
109384330474736206,indiyoung,https://hci.social/@indiyoung,2022-11-21T00:00:00.000Z,1,0,0,,https://hci.social/
109383651169515090,DavLedo,https://hci.social/@DavLedo,2022-11-21T00:00:00.000Z,50,36,1,2022-11-25,https://hci.social/
109382512398131387,levikaplan,https://hci.social/@levikaplan,2022-11-21T00:00:00.000Z,5,5,0,,https://hci.social/
109381083583836033,UCAI_SIG,https://hci.social/@UCAI_SIG,2022-11-21T00:00:00.000Z,42,15,8,2023-11-07,https://hci.social/
109381037034725060,vdmoere,https://hci.social/@vdmoere,2022-11-21T00:00:00.000Z,65,72,16,2023-11-09,https://hci.social/
109380719292586060,auvoidsky,https://hci.social/@auvoidsky,2022-11-21T00:00:00.000Z,4,5,7,2022-12-08,https://hci.social/
109380537182450552,tao,https://hci.social/@tao,2022-11-21T00:00:00.000Z,0,3,0,,https://hci.social/
109380117985025841,jnz,https://hci.social/@jnz,2022-11-21T00:00:00.000Z,5,16,1,2022-11-29,https://hci.social/
109378485623848799,clifflampe,https://hci.social/@clifflampe,2022-11-20T00:00:00.000Z,240,221,6,2023-03-12,https://hci.social/
109378325648156555,susan,https://hci.social/@susan,2022-11-20T00:00:00.000Z,6,28,0,,https://hci.social/
109378011002581462,0066cc,https://hci.social/@0066cc,2022-11-20T00:00:00.000Z,154,0,0,2023-10-07,https://hci.social/
109377472445002320,LadiesthatUX_Br,https://hci.social/@LadiesthatUX_Br,2022-11-20T00:00:00.000Z,40,42,37,2023-10-26,https://hci.social/
109377419215492633,nathanacurtis,https://hci.social/@nathanacurtis,2022-11-20T00:00:00.000Z,102,23,1,2022-11-20,https://hci.social/
109377355043143797,lauradahl,https://hci.social/@lauradahl,2022-11-20T00:00:00.000Z,4,24,0,,https://hci.social/
109376977929065344,yanchenvt,https://hci.social/@yanchenvt,2022-11-20T00:00:00.000Z,14,26,2,2023-10-12,https://hci.social/
109376484293731354,adithya,https://hci.social/@adithya,2022-11-20T00:00:00.000Z,21,70,7,2023-04-27,https://hci.social/
109375819463935760,bn,https://hci.social/@bn,2022-11-20T00:00:00.000Z,16,18,15,2023-01-19,https://hci.social/
109375097061209702,brandonjm,https://hci.social/@brandonjm,2022-11-20T00:00:00.000Z,3,22,1,2022-11-23,https://hci.social/
109374562408305834,martinDechant,https://hci.social/@martinDechant,2022-11-20T00:00:00.000Z,7,13,1,2022-12-19,https://hci.social/
109374301916304620,wesleyhanwendeng,https://hci.social/@wesleyhanwendeng,2022-11-20T00:00:00.000Z,14,29,0,2022-12-05,https://hci.social/
109372656808843389,boazmiller,https://hci.social/@boazmiller,2022-11-19T00:00:00.000Z,35,24,3,2023-05-23,https://hci.social/
109372559768279556,carla,https://hci.social/@carla,2022-11-19T00:00:00.000Z,73,34,14,2023-11-07,https://hci.social/
109371384002613227,Haym,https://hci.social/@Haym,2022-11-19T00:00:00.000Z,9,47,0,,https://hci.social/
109370937431743023,ingo19,https://hci.social/@ingo19,2022-11-19T00:00:00.000Z,3,41,8,2023-07-23,https://hci.social/
109370516487211713,pavithren,https://hci.social/@pavithren,2022-11-19T00:00:00.000Z,16,23,1,2022-11-19,https://hci.social/
109370170221477636,cui,https://hci.social/@cui,2022-11-19T00:00:00.000Z,110,124,21,2023-07-11,https://hci.social/
109369940840244406,chi,https://hci.social/@chi,2022-11-19T00:00:00.000Z,354,1,20,2023-09-29,https://hci.social/
109369505709659605,andrikos,https://hci.social/@andrikos,2022-11-19T00:00:00.000Z,201,323,9,2023-04-24,https://hci.social/
109368940667665696,dsweld,https://hci.social/@dsweld,2022-11-19T00:00:00.000Z,18,17,7,2022-11-30,https://hci.social/
109368562759262502,angryweasel,https://hci.social/@angryweasel,2022-11-19T00:00:00.000Z,46,22,115,2023-11-17,https://hci.social/
109368379392668571,msegt,https://hci.social/@msegt,2022-11-19T00:00:00.000Z,0,2,0,,https://hci.social/
109368181787589645,blu3mo,https://hci.social/@blu3mo,2022-11-19T00:00:00.000Z,3,21,1,2022-11-19,https://hci.social/
109367480955794194,eimanahmed,https://hci.social/@eimanahmed,2022-11-18T00:00:00.000Z,2,2,0,,https://hci.social/
109367202126424699,DrSanchariDas,https://hci.social/@DrSanchariDas,2022-11-18T00:00:00.000Z,22,60,0,,https://hci.social/
109367007675028391,wendyboucher,https://hci.social/@wendyboucher,2022-11-18T00:00:00.000Z,0,2,0,,https://hci.social/
109366795394162940,arne,https://hci.social/@arne,2022-11-18T00:00:00.000Z,183,285,1,2022-12-20,https://hci.social/
109366768853363849,raydahl,https://hci.social/@raydahl,2022-11-18T00:00:00.000Z,210,322,256,2023-09-29,https://hci.social/
109366689489304275,volker,https://hci.social/@volker,2022-11-18T00:00:00.000Z,44,66,54,2023-11-10,https://hci.social/
111379138966500320,spurscience,https://hci.social/@spurscience,2023-11-09T00:00:00.000Z,4,5,2,2023-11-09,https://hci.social/
111098127756385669,dariosm,https://hci.social/@dariosm,2023-09-20T00:00:00.000Z,0,2,1,2023-09-20,https://hci.social/
111072544868136604,sajed,https://hci.social/@sajed,2023-09-16T00:00:00.000Z,3,7,0,,https://hci.social/
111052657062696195,lukasstrobel,https://hci.social/@lukasstrobel,2023-09-12T00:00:00.000Z,1,14,1,2023-09-13,https://hci.social/
110893937406555779,directory_bot,https://hci.social/@directory_bot,2023-08-15T00:00:00.000Z,107,0,1,2023-10-19,https://hci.social/
110788226165611940,joemichaelis,https://hci.social/@joemichaelis,2023-07-27T00:00:00.000Z,2,14,0,,https://hci.social/
110770089616645626,kaihan,https://hci.social/@kaihan,2023-07-24T00:00:00.000Z,6,1,2,2023-07-25,https://hci.social/
110713849776560556,FistfulOfUX,https://hci.social/@FistfulOfUX,2023-07-14T00:00:00.000Z,1,2,1,2023-07-27,https://hci.social/
110541492338186348,lauragarrison,https://hci.social/@lauragarrison,2023-06-14T00:00:00.000Z,3,8,0,,https://hci.social/
110537762042341751,naman,https://hci.social/@naman,2023-06-13T00:00:00.000Z,103,547,8,2023-10-14,https://hci.social/
110385983328317835,arlen,https://hci.social/@arlen,2023-05-17T00:00:00.000Z,1,37,13,2023-07-25,https://hci.social/
110356672580179852,shmishkat,https://hci.social/@shmishkat,2023-05-12T00:00:00.000Z,0,4,0,,https://hci.social/
110281645728823672,dis,https://hci.social/@dis,2023-04-29T00:00:00.000Z,49,89,11,2023-07-07,https://hci.social/
110278645114492083,neutrinos4all,https://hci.social/@neutrinos4all,2023-04-28T00:00:00.000Z,11,43,21,2023-06-30,https://hci.social/
110177831155715121,radicalaipod,https://hci.social/@radicalaipod,2023-04-11T00:00:00.000Z,177,21,2,2023-08-21,https://hci.social/
110027536493283513,shikhar,https://hci.social/@shikhar,2023-03-15T00:00:00.000Z,1,26,6,2023-09-28,https://hci.social/
110013981357433392,perhats,https://hci.social/@perhats,2023-03-13T00:00:00.000Z,7,33,7,2023-11-06,https://hci.social/
109957445557788968,yasaman,https://hci.social/@yasaman,2023-03-03T00:00:00.000Z,0,11,0,,https://hci.social/
109955637625296472,ottrs,https://hci.social/@ottrs,2023-03-02T00:00:00.000Z,23,17,11,2023-05-17,https://hci.social/
109922322798915437,joshua_paup,https://hci.social/@joshua_paup,2023-02-24T00:00:00.000Z,11,14,1,2023-09-28,https://hci.social/
109846585463942620,funficient,https://hci.social/@funficient,2023-02-11T00:00:00.000Z,36,38,76,2023-09-20,https://hci.social/
109796771446661647,ctejada10,https://hci.social/@ctejada10,2023-02-02T00:00:00.000Z,7,33,0,,https://hci.social/
109796685615843208,karenjoy4you,https://hci.social/@karenjoy4you,2023-02-02T00:00:00.000Z,0,5,0,,https://hci.social/
109756547841568022,hcc_research,https://hci.social/@hcc_research,2023-01-26T00:00:00.000Z,43,55,6,2023-10-05,https://hci.social/
109744017589221872,hci_oldenburg,https://hci.social/@hci_oldenburg,2023-01-24T00:00:00.000Z,11,3,3,2023-04-13,https://hci.social/
109739323566526609,PipzCorreiaz,https://hci.social/@PipzCorreiaz,2023-01-23T00:00:00.000Z,15,40,3,2023-03-22,https://hci.social/
109717881758437596,aianik,https://hci.social/@aianik,2023-01-19T00:00:00.000Z,3,6,0,,https://hci.social/
109716847688554712,arundhatibala,https://hci.social/@arundhatibala,2023-01-19T00:00:00.000Z,1,20,0,,https://hci.social/
109705605928617358,designfactotum,https://hci.social/@designfactotum,2023-01-17T00:00:00.000Z,18,105,49,2023-11-14,https://hci.social/
109703464735275747,tbanerjee,https://hci.social/@tbanerjee,2023-01-17T00:00:00.000Z,5,12,0,2023-02-22,https://hci.social/
109700316048658087,aleboz,https://hci.social/@aleboz,2023-01-16T00:00:00.000Z,9,29,0,,https://hci.social/
109683011500290031,foiworkshop,https://hci.social/@foiworkshop,2023-01-13T00:00:00.000Z,40,82,19,2023-02-16,https://hci.social/
109681449571519713,chat,https://hci.social/@chat,2023-01-13T00:00:00.000Z,31,17,15,2023-10-19,https://hci.social/
109672381416588003,rohan,https://hci.social/@rohan,2023-01-11T00:00:00.000Z,2,3,2,2023-02-19,https://hci.social/
109671059029814045,group,https://hci.social/@group,2023-01-11T00:00:00.000Z,43,2,2,2023-05-08,https://hci.social/
109668319986045170,ramzatron,https://hci.social/@ramzatron,2023-01-11T00:00:00.000Z,5,20,1,2023-01-23,https://hci.social/
109666609538877760,terrancemok,https://hci.social/@terrancemok,2023-01-10T00:00:00.000Z,0,3,1,2023-01-11,https://hci.social/
109648318308098891,andreasriegler,https://hci.social/@andreasriegler,2023-01-07T00:00:00.000Z,3,3,1,2023-01-09,https://hci.social/
109642839364922713,khornbaek,https://hci.social/@khornbaek,2023-01-06T00:00:00.000Z,10,1,0,2023-01-06,https://hci.social/
109638665170546909,profembwall,https://hci.social/@profembwall,2023-01-05T00:00:00.000Z,2,0,0,,https://hci.social/
109616122128152612,amcpherson,https://hci.social/@amcpherson,2023-01-01T00:00:00.000Z,107,81,8,2023-10-18,https://hci.social/
109594488653141800,cklimansilver,https://hci.social/@cklimansilver,2022-12-29T00:00:00.000Z,1,5,0,,https://hci.social/
109572914714097246,alexkancom,https://hci.social/@alexkancom,2022-12-25T00:00:00.000Z,4,29,0,,https://hci.social/
109572606257130807,JBreloaded,https://hci.social/@JBreloaded,2022-12-25T00:00:00.000Z,9,94,7,2023-05-26,https://hci.social/
109570034802571637,Gigi,https://hci.social/@Gigi,2022-12-24T00:00:00.000Z,0,20,0,,https://hci.social/
109569663505599096,mdekstrand,https://hci.social/@mdekstrand,2022-12-24T00:00:00.000Z,802,462,981,2023-11-17,https://hci.social/
109555997207328831,anycolouryoulike,https://hci.social/@anycolouryoulike,2022-12-22T00:00:00.000Z,4,54,0,,https://hci.social/
109550617268554419,theblub,https://hci.social/@theblub,2022-12-21T00:00:00.000Z,41,25,13,2023-04-16,https://hci.social/
109548696640964110,crl_unsw,https://hci.social/@crl_unsw,2022-12-20T00:00:00.000Z,14,10,7,2023-07-11,https://hci.social/
109544960763426245,ulfschubert,https://hci.social/@ulfschubert,2022-12-20T00:00:00.000Z,43,94,4,2023-01-10,https://hci.social/
109542430705689311,rkrosnick,https://hci.social/@rkrosnick,2022-12-19T00:00:00.000Z,93,271,21,2023-11-08,https://hci.social/
109541169452663720,bensearle,https://hci.social/@bensearle,2022-12-19T00:00:00.000Z,6,15,11,2023-09-29,https://hci.social/
109540871817651023,cmudig,https://hci.social/@cmudig,2022-12-19T00:00:00.000Z,86,6,6,2023-10-22,https://hci.social/
109540139050744843,keunwoo,https://hci.social/@keunwoo,2022-12-19T00:00:00.000Z,13,26,4,2022-12-20,https://hci.social/
109539982321228304,jbenjamin,https://hci.social/@jbenjamin,2022-12-19T00:00:00.000Z,26,52,1,2022-12-28,https://hci.social/
109539980380162967,martimbrandao,https://hci.social/@martimbrandao,2022-12-19T00:00:00.000Z,18,142,0,,https://hci.social/
109539939882026490,mihirshah,https://hci.social/@mihirshah,2022-12-19T00:00:00.000Z,0,1,1,2022-12-19,https://hci.social/
109539566521909335,adamlukomski,https://hci.social/@adamlukomski,2022-12-19T00:00:00.000Z,0,6,0,,https://hci.social/
109537256125339884,wallace,https://hci.social/@wallace,2022-12-18T00:00:00.000Z,20,79,23,2023-05-22,https://hci.social/
109537091737239487,adambsanders,https://hci.social/@adambsanders,2022-12-18T00:00:00.000Z,2,27,0,,https://hci.social/
109536657368131399,ClemensSchartm,https://hci.social/@ClemensSchartm,2022-12-18T00:00:00.000Z,12,27,8,2022-12-28,https://hci.social/
109536187453044634,scott,https://hci.social/@scott,2022-12-18T00:00:00.000Z,2,0,0,,https://hci.social/
109533138718027586,rayhan,https://hci.social/@rayhan,2022-12-18T00:00:00.000Z,2,25,0,,https://hci.social/
109526831708137516,zyrcant,https://hci.social/@zyrcant,2022-12-17T00:00:00.000Z,16,37,5,2022-12-21,https://hci.social/
109525299291770808,kjhollen,https://hci.social/@kjhollen,2022-12-16T00:00:00.000Z,85,60,4,2023-05-24,https://hci.social/
109524302475449736,Roy,https://hci.social/@Roy,2022-12-16T00:00:00.000Z,1,6,0,,https://hci.social/
109523540144379772,kaglinka,https://hci.social/@kaglinka,2022-12-16T00:00:00.000Z,192,198,7,2023-10-05,https://hci.social/
109522688880997569,snavas,https://hci.social/@snavas,2022-12-16T00:00:00.000Z,20,46,10,2023-09-07,https://hci.social/
109522004086526441,marcello3d,https://hci.social/@marcello3d,2022-12-16T00:00:00.000Z,33,132,263,2023-11-18,https://hci.social/
109519776531768278,oschneider,https://hci.social/@oschneider,2022-12-15T00:00:00.000Z,5,6,1,2022-12-23,https://hci.social/
109517218083984410,pascal_jansen,https://hci.social/@pascal_jansen,2022-12-15T00:00:00.000Z,0,20,0,,https://hci.social/
109514586227828633,jackbandy,https://hci.social/@jackbandy,2022-12-14T00:00:00.000Z,14,37,3,2023-04-04,https://hci.social/
109513437213073038,markwhiting,https://hci.social/@markwhiting,2022-12-14T00:00:00.000Z,3,0,0,,https://hci.social/
109509162646675004,preetiramaraj,https://hci.social/@preetiramaraj,2022-12-14T00:00:00.000Z,7,23,0,,https://hci.social/
109504184849190222,SPEX_lab,https://hci.social/@SPEX_lab,2022-12-13T00:00:00.000Z,23,5,9,2023-09-14,https://hci.social/
109485457882067993,emselimahmed,https://hci.social/@emselimahmed,2022-12-09T00:00:00.000Z,7,64,5,2023-01-07,https://hci.social/
109484822387959678,Giri,https://hci.social/@Giri,2022-12-09T00:00:00.000Z,0,4,0,2023-05-03,https://hci.social/
109482315164022817,bgoebl,https://hci.social/@bgoebl,2022-12-09T00:00:00.000Z,2,6,3,2023-08-02,https://hci.social/
109480199626862687,paulo_fcarvalho,https://hci.social/@paulo_fcarvalho,2022-12-08T00:00:00.000Z,26,48,0,,https://hci.social/
109473957715831899,cte,https://hci.social/@cte,2022-12-07T00:00:00.000Z,11,17,63,2023-11-17,https://hci.social/
